Column1,Column2,Column4,Column5
type,day,title,content
post,N/A,$$$$$ ‡∏Ñ‡∏∏‡∏¢‡πÇ‡∏Ç‡∏°‡∏á‡∏´‡πâ‡∏≠‡∏á‡∏Ñ‡πâ‡∏≤‡∏´‡∏∏‡πâ‡∏ô‡πÑ‡∏ó‡∏¢@‡∏™‡∏¥‡∏ô‡∏,A#09I!22 '15H 13 !52! 2568 -#8*'1*4L†#1†5HF†I-F†A%0@7H-1%8†8FH2 --82†@4+I-98"†A%@%5H"I-!9%2#%81#1 The Cabaret Bear Cr. https://www.comedywildlifephoto.com/gallery/finalists/2023_finalists.php
comment,2025-03-14,$$$$$ ‡∏Ñ‡∏∏‡∏¢‡πÇ‡∏Ç‡∏°‡∏á‡∏´‡πâ‡∏≠‡∏á‡∏Ñ‡πâ‡∏≤‡∏´‡∏∏‡πâ‡∏ô‡πÑ‡∏ó‡∏¢@‡∏™‡∏¥‡∏ô‡∏,https://market.sec.or.th/public/idisc/th/r246 https://market.sec.or.th/public/idisc/th/r59
comment,2025-03-14,$$$$$ ‡∏Ñ‡∏∏‡∏¢‡πÇ‡∏Ç‡∏°‡∏á‡∏´‡πâ‡∏≠‡∏á‡∏Ñ‡πâ‡∏≤‡∏´‡∏∏‡πâ‡∏ô‡πÑ‡∏ó‡∏¢@‡∏™‡∏¥‡∏ô‡∏,"Commodities AS AT : Mar 14 , 2025.¬†¬†4:56 AM. https://tradingeconomics.com/commoditi"
comment,2025-03-14,$$$$$ ‡∏Ñ‡∏∏‡∏¢‡πÇ‡∏Ç‡∏°‡∏á‡∏´‡πâ‡∏≠‡∏á‡∏Ñ‡πâ‡∏≤‡∏´‡∏∏‡πâ‡∏ô‡πÑ‡∏ó‡∏¢@‡∏™‡∏¥‡∏ô‡∏,Stock Index https://th.investing.com/indices/major-indices
comment,2025-03-14,$$$$$ ‡∏Ñ‡∏∏‡∏¢‡πÇ‡∏Ç‡∏°‡∏á‡∏´‡πâ‡∏≠‡∏á‡∏Ñ‡πâ‡∏≤‡∏´‡∏∏‡πâ‡∏ô‡πÑ‡∏ó‡∏¢@‡∏™‡∏¥‡∏ô‡∏,https://www.efinancethai.com/LastestNews/LatestNewsMain.aspx?ref=A&id=bmh1UmxJYjE4VVU9&security=CPALL https://www.efinancethai.com/LastestNews/LatestNewsMain.aspx?ref=A&id=YUlKL3VMNERCMDQ9 https://www.efinancethai.com/LastestNews/LatestNewsMain.aspx?ref=A&id=OXJUV1duY3RNODA9&security=PTT
comment,2025-03-14,$$$$$ ‡∏Ñ‡∏∏‡∏¢‡πÇ‡∏Ç‡∏°‡∏á‡∏´‡πâ‡∏≠‡∏á‡∏Ñ‡πâ‡∏≤‡∏´‡∏∏‡πâ‡∏ô‡πÑ‡∏ó‡∏¢@‡∏™‡∏¥‡∏ô‡∏,H2@42 https://th.tradingview.com/chart/?symbol=OANDA%3AUSDTHB H2@4@" https://th.tradingview.com/chart/?symbol=FX_IDC%3AJPYTHB
comment,2025-03-14,$$$$$ ‡∏Ñ‡∏∏‡∏¢‡πÇ‡∏Ç‡∏°‡∏á‡∏´‡πâ‡∏≠‡∏á‡∏Ñ‡πâ‡∏≤‡∏´‡∏∏‡πâ‡∏ô‡πÑ‡∏ó‡∏¢@‡∏™‡∏¥‡∏ô‡∏,https://thunhoon.com/newspapers
comment,2025-03-14,$$$$$ ‡∏Ñ‡∏∏‡∏¢‡πÇ‡∏Ç‡∏°‡∏á‡∏´‡πâ‡∏≠‡∏á‡∏Ñ‡πâ‡∏≤‡∏´‡∏∏‡πâ‡∏ô‡πÑ‡∏ó‡∏¢@‡∏™‡∏¥‡∏ô‡∏,"4'@-#L*+8I*+#1/#H' 12 PPI††Intel AH1I CEO C+!H - 4-"L#1' https://thunhoon.com/article/310320 SNPS @*- AGM '15H 28 @!.". @20H2"1% 0.13 ./+8I -H2@4H!@4! %4 https://thunhoon.com/article/310312 IEA %@I25!2LI3!14B% '2!6@#5"2#I2B%1 https://thunhoon.com/article/310318 H2
242"*84 928.59 %. #2""H-"@G 1,482.81 %. -H2@4H!@4! %4 https://thunhoon.com/article/310317 [Spoil] %4@7H-9I-'2!5HH-D'I .%.. @#H--@L#-#111I-8 Thai ESGX @4C+I"7H @!.".5I -H2#2"%0@-5" %4 https://thunhoon.com/article/310316 +8I%8H!@+8%2*+#1/ @4@I-H32 1%8%8I5 68 Fed %-@5I" 3 #1I https://thunhoon.com/article/310314 +8ID"'15I(13 !5..) % 0.42 8 2" CPALL-AOT 7I- DELTA -H2#2"%0@-5" %4 https://thunhoon.com/article/310313 #22-38H6I+%11'@% CPI -H-1'   2)5-#1!L@4H!A#+8*4#1"L%- 1" https://thunhoon.com/article/310310 HTC"" ‡∏ï‡∏±‡πâ‡∏á‡πÄ‡∏õ‡πâ‡∏≤‡∏£‡∏≤‡∏¢‡πÑ‡∏î‡πâ‡∏õ‡∏µ 68 ‡πÅ‡∏ï‡∏∞ 8,700 ‡∏•‡∏ö. ‡∏ä‡∏π‡∏≠‡∏±‡∏ï‡∏£‡∏≤‡∏ú‡∏•‡∏ï‡∏≠‡∏ö‡πÅ‡∏ó‡∏ô‡πÄ‡∏á‡∏¥‡∏ô‡∏õ‡∏±‡∏ô‡∏ú‡∏• 6% ‡∏ï‡πà‡∏≠‡∏õ‡∏µ ‡∏≠‡πà‡∏≤‡∏ô‡πÄ‡∏û‡∏¥‡πà‡∏°‡πÄ‡∏ï‡∏¥‡∏° ‡∏Ñ‡∏•‡∏¥‡∏Å https://thunhoon.com/article/310309 CBG ‡∏´‡∏∏‡πâ‡∏ô‡∏û‡∏∏‡πà‡∏á 6%-‡πÇ‡∏ö‡∏£‡∏Å‡∏Ñ‡∏≤‡∏î Q1/68 ‡∏Å‡∏≥‡πÑ‡∏£‡∏î‡∏µ¬†¬†GPM ‡πÄ‡∏û‡∏¥‡πà‡∏° 2%-‡∏™‡∏∏‡∏£‡∏≤‡∏Ç‡πâ‡∏≤‡∏ß‡∏´‡∏≠‡∏°‡∏ú‡∏•‡∏¥‡∏ï‡πÇ‡∏ï 60% https://thunhoon.com/article/310299 ‡∏à‡∏±‡∏ö‡∏ï‡∏≤ MINT ‡∏£‡∏≤‡∏¢‡πÑ‡∏î‡πâ‡πÇ‡∏ï High Single Digit¬†¬†‡∏ö‡∏•.‡πÄ‡∏≠‡πÄ‡∏≠‡∏™‡πÅ‡∏≠‡∏• ‡πÄ‡∏Ñ‡∏≤‡∏∞‡∏û‡∏∑‡πâ‡∏ô‡∏ê‡∏≤‡∏ô 35.25 ‡∏ö. ‡∏≠‡πà‡∏≤‡"
comment,2025-03-14,$$$$$ ‡∏Ñ‡∏∏‡∏¢‡πÇ‡∏Ç‡∏°‡∏á‡∏´‡πâ‡∏≠‡∏á‡∏Ñ‡πâ‡∏≤‡∏´‡∏∏‡πâ‡∏ô‡πÑ‡∏ó‡∏¢@‡∏™‡∏¥‡∏ô‡∏,https://www.facebook.com/photo?fbid=1061109232717336&set=a.655788026582794
comment,2025-03-14,$$$$$ ‡∏Ñ‡∏∏‡∏¢‡πÇ‡∏Ç‡∏°‡∏á‡∏´‡πâ‡∏≠‡∏á‡∏Ñ‡πâ‡∏≤‡∏´‡∏∏‡πâ‡∏ô‡πÑ‡∏ó‡∏¢@‡∏™‡∏¥‡∏ô‡∏,"4 ‡∏´‡∏∏‡πâ‡∏ô ‚Äú‡πÇ‡∏£‡∏ö‡∏≠‡∏ó‡πÄ‡∏ó‡∏£‡∏î‚Äù ‡∏Ñ‡∏∂‡∏Å! ‡πÅ‡∏£‡∏á‡∏ã‡∏∑‡πâ‡∏≠ THANI ‡∏î‡∏±‡∏ô‡∏´‡∏∏‡πâ‡∏ô‡∏û‡∏∏‡πà‡∏á 8% ‡∏≠‡πà‡∏≤‡∏ô‡πÄ‡∏£‡∏∑‡πà‡∏≠‡∏á‡∏ô‡∏µ‡πâ‡∏ï‡πà‡∏≠‡∏ó‡∏µ‡πà: https://www.kaohoon.com/news/740338 ? MINT ‡∏û‡∏ö ‚Äú‡∏ô‡∏≤‡∏¢‡∏Å‚Äù ‡πÄ‡∏™‡∏ô‡∏≠‡πÇ‡∏õ‡∏£‡πÄ‡∏à‡∏Å‡∏ï‡πå ‚Äú‡∏£‡∏ñ‡πÑ‡∏ü‡∏´‡∏£‡∏π‚Äù ‡∏î‡∏±‡∏ô‡πÑ‡∏ó‡∏¢‡∏Ç‡∏∂‡πâ‡∏ô‡πÅ‡∏ó‡πà‡∏ô‡∏®‡∏π‡∏ô‡∏¢‡πå‡∏Å‡∏•‡∏≤‡∏á‡∏ó‡πà‡∏≠‡∏á‡πÄ‡∏ó‡∏µ‡πà‡∏¢‡∏ß ‡∏≠‡πà‡∏≤‡∏ô‡πÄ‡∏£‡∏∑‡πà‡∏≠‡∏á‡∏ô‡∏µ‡πâ‡∏ï‡πà‡∏≠‡∏ó‡∏µ‡πà: https://www.kaohoon.com/news/740342 ? SNPS ‡πÄ‡∏ï‡∏£‡∏µ‡∏¢‡∏°‡∏à‡πà‡∏≤‡∏¢‡∏õ‡∏±‡∏ô‡∏ú‡∏• 0.13 ‡∏ö. ‡∏û‡∏£‡πâ‡∏≠‡∏°‡∏à‡∏±‡∏î‡∏õ‡∏£‡∏∞‡∏ä‡∏∏‡∏°‡∏ú‡∏π‡πâ‡∏ñ‡∏∑‡∏≠‡∏´‡∏∏‡πâ‡∏ô 28 ‡πÄ‡∏°.‡∏¢.‡∏ô‡∏µ‡πâ ‡∏ï‡∏±‡πâ‡∏á‡∏Å‡∏£‡∏£‡∏°‡∏Å‡∏≤‡∏£‡πÉ‡∏´‡∏°‡πà ‡∏≠‡πà‡∏≤‡∏ô‡πÄ‡∏£‡∏∑‡πà‡∏≠‡∏á‡∏ô‡∏µ‡πâ‡∏ï‡πà‡∏≠‡∏ó‡∏µ‡πà: https://www.kaohoon.com/news/740321 ? ‡∏Å.‡∏•.‡∏ï. ‡∏à‡πà‡∏≠‡∏Ñ‡∏•‡∏≠‡∏î‡πÄ‡∏Å‡∏ì‡∏ë‡πå‡∏£‡∏≠‡∏á‡∏£‡∏±‡∏ö ‚ÄúThai ESGX‚Äù ‡πÄ‡∏õ‡∏¥‡∏î‡πÉ‡∏´‡πâ ‡∏ö‡∏•‡∏à. ‡∏¢‡∏∑‡πà‡∏ô‡πÄ‡∏°.‡∏¢.! ‡∏™‡∏£‡πâ‡∏≤‡∏á‡∏Ñ‡∏ß‡∏≤‡∏°‡πÄ‡∏Ç‡πâ‡∏≤‡πÉ‡∏à‡∏ô‡∏±‡∏Å‡∏•‡∏á‡∏ó‡∏∏8 -H2@#7H-5IH-5H: https://www.kaohoon.com/summary/740274 12! 5#018L @# A!H@!20 8H2+4 H-#0H2D @!.". 8H-5 10 *2L -H2@#7H-5IH-5H: https://www.kaohoon.com/news/740262 A5 1#2"DI55I 2.2 1%I2 
9%"8L '1*8#1)LB% 3#H- 9 B#2# -H2@#7H-5IH-5H: https://www.kaohoon.com/news/740246 1
5@
7H-!1H9I#4B  .. H3*8#- 5 @7- @H (.7I
I2-@#'-#L-2#@!7-D!H4H -H2@#7H-5IH-5H: https://www.kaohoon.com/news/740225 B%@%G 1I@I25 68 B 10% %8"#4+2#@'%L 1 AUM 0%8+!7H%I2 -H2@#7H-5IH-5H: https://www.kaohoon.com/news/740232 TFG 1I@I2#2"DI5 68 B 15% #1#22 +!9-DH @4H!-I8% -H2@#7H-5IH-5H: https://www.kaohoon.com/news/740231 WINMED BA#H5 68 8AG%G- 150 %I2 @41#-!0@#G@I2!#5 1,000 *44L -H2@#7H-5IH-5H: https://www.kaohoon.com/news/740228"
comment,2025-03-14,$$$$$ ‡∏Ñ‡∏∏‡∏¢‡πÇ‡∏Ç‡∏°‡∏á‡∏´‡πâ‡∏≠‡∏á‡∏Ñ‡πâ‡∏≤‡∏´‡∏∏‡πâ‡∏ô‡πÑ‡∏ó‡∏¢@‡∏™‡∏¥‡∏ô‡∏,https://www.facebook.com/photo/?fbid=1461433158643478&set=a.764627551657379 [img]https://static.xx.fbcdn.net/images/emoji.php/v9/t50/1/16/1f525.png[/img]‡∏´‡∏ô‡∏±‡∏á‡∏™‡∏∑‡∏≠‡∏û‡∏¥‡∏°‡∏û‡πå HoonSmart ‡∏õ‡∏µ‡∏ó‡∏µ‡πà 8 ‡∏â‡∏ö‡∏±‡∏ö‡∏ß‡∏±‡∏ô‡∏ó‡∏µ‡πà 14 ‡∏°‡∏µ‡∏ô‡∏≤‡∏Ñ‡∏° 2568 IRPC ‡∏Ç‡∏≤‡∏¢‡∏´‡∏∏‡πâ‡∏ô‡∏Å‡∏π‡πâ 20-24 ‡∏°‡∏µ.‡∏Ñ.‡∏ô‡∏µ‡πâ ‡∏ä‡∏π‡∏î‡∏≠‡∏Å‡πÄ‡∏ö‡∏µ‡πâ‡∏¢ 3.80-4.35% ‡∏ï‡πà‡∏≠‡∏õ‡∏µ https://hoonsmart.com/archives/348691 ‡∏ö‡∏•.‡πÇ‡∏Å‡∏•‡πÄ‡∏ö‡∏•‡πá‡∏Å ‡∏ï‡∏±‡πâ‡∏á‡πÄ‡∏õ‡πâ‡∏≤‡∏õ‡∏µ 68‚Äô ‡πÇ‡∏ï 10% 
comment,2025-03-14,$$$$$ ‡∏Ñ‡∏∏‡∏¢‡πÇ‡∏Ç‡∏°‡∏á‡∏´‡πâ‡∏≠‡∏á‡∏Ñ‡πâ‡∏≤‡∏´‡∏∏‡πâ‡∏ô‡πÑ‡∏ó‡∏¢@‡∏™‡∏¥‡∏ô‡∏,[Spoil] ‡∏Ñ‡∏•‡∏¥‡∏Å‡πÄ‡∏û‡∏∑‡πà‡∏≠‡∏î‡∏π‡∏Ç‡πâ‡∏≠‡∏Ñ‡∏ß‡∏≤‡∏°‡∏ó‡∏µ‡πà‡∏ã
comment,2025-03-14,$$$$$ ‡∏Ñ‡∏∏‡∏¢‡πÇ‡∏Ç‡∏°‡∏á‡∏´‡πâ‡∏≠‡∏á‡∏Ñ‡πâ‡∏≤‡∏´‡∏∏‡πâ‡∏ô‡πÑ‡∏ó‡∏¢@‡∏™‡∏¥‡∏ô‡∏,[Spoil] ‡∏Ñ‡∏•‡∏¥‡∏Å‡πÄ‡∏û‡∏∑‡πà‡∏≠‡∏î‡∏π‡∏Ç‡πâ‡∏≠‡∏Ñ‡∏ß‡∏≤‡∏°‡∏ó‡∏µ‡πà‡∏ã
comment,2025-03-14,$$$$$ ‡∏Ñ‡∏∏‡∏¢‡πÇ‡∏Ç‡∏°‡∏á‡∏´‡πâ‡∏≠‡∏á‡∏Ñ‡πâ‡∏≤‡∏´‡∏∏‡πâ‡∏ô‡πÑ‡∏ó‡∏¢@‡∏™‡∏¥‡∏ô‡∏,[Spoil] ‡∏Ñ‡∏•‡∏¥‡∏Å‡πÄ‡∏û‡∏∑‡πà‡∏≠‡∏î‡∏π‡∏Ç‡πâ‡∏≠‡∏Ñ‡∏ß‡∏≤‡∏°‡∏ó‡∏µ‡πà‡∏ã
comment,2025-03-14,$$$$$ ‡∏Ñ‡∏∏‡∏¢‡πÇ‡∏Ç‡∏°‡∏á‡∏´‡πâ‡∏≠‡∏á‡∏Ñ‡πâ‡∏≤‡∏´‡∏∏‡πâ‡∏ô‡πÑ‡∏ó‡∏¢@‡∏™‡∏¥‡∏ô‡∏,[Spoil] ‡∏Ñ‡∏•‡∏¥‡∏Å‡πÄ‡∏û‡∏∑‡πà‡∏≠‡∏î‡∏π‡∏Ç‡πâ‡∏≠‡∏Ñ‡∏ß‡∏≤‡∏°‡∏ó‡∏µ‡πà‡∏ã
comment,2025-03-14,$$$$$ ‡∏Ñ‡∏∏‡∏¢‡πÇ‡∏Ç‡∏°‡∏á‡∏´‡πâ‡∏≠‡∏á‡∏Ñ‡πâ‡∏≤‡∏´‡∏∏‡πâ‡∏ô‡πÑ‡∏ó‡∏¢@‡∏™‡∏¥‡∏ô‡∏,[Spoil] ‡∏Ñ‡∏•‡∏¥‡∏Å‡πÄ‡∏û‡∏∑‡πà‡∏≠‡∏î‡∏π‡∏Ç‡πâ‡∏≠‡∏Ñ‡∏ß‡∏≤‡∏°‡∏ó‡∏µ‡πà‡∏ã
comment,2025-03-14,$$$$$ ‡∏Ñ‡∏∏‡∏¢‡πÇ‡∏Ç‡∏°‡∏á‡∏´‡πâ‡∏≠‡∏á‡∏Ñ‡πâ‡∏≤‡∏´‡∏∏‡πâ‡∏ô‡πÑ‡∏ó‡∏¢@‡∏™‡∏¥‡∏ô‡∏,[Spoil] ‡∏Ñ‡∏•‡∏¥‡∏Å‡πÄ‡∏û‡∏∑‡πà‡∏≠‡∏î‡∏π‡∏Ç‡πâ‡∏≠‡∏Ñ‡∏ß‡∏≤‡∏°‡∏ó‡∏µ‡πà‡∏ã
comment,2025-03-14,$$$$$ ‡∏Ñ‡∏∏‡∏¢‡πÇ‡∏Ç‡∏°‡∏á‡∏´‡πâ‡∏≠‡∏á‡∏Ñ‡πâ‡∏≤‡∏´‡∏∏‡πâ‡∏ô‡πÑ‡∏ó‡∏¢@‡∏™‡∏¥‡∏ô‡∏,[Spoil] ‡∏Ñ‡∏•‡∏¥‡∏Å‡πÄ‡∏û‡∏∑‡πà‡∏≠‡∏î‡∏π‡∏Ç‡πâ‡∏≠‡∏Ñ‡∏ß‡∏≤‡∏°‡∏ó‡∏µ‡πà‡∏ã‡πà‡∏≠
comment,2025-03-14,$$$$$ ‡∏Ñ‡∏∏‡∏¢‡πÇ‡∏Ç‡∏°‡∏á‡∏´‡πâ‡∏≠‡∏á‡∏Ñ‡πâ‡∏≤‡∏´‡∏∏‡πâ‡∏ô‡πÑ‡∏ó‡∏¢@‡∏™‡∏¥‡∏ô‡∏,[Spoil] ‡∏Ñ‡∏•‡∏¥‡∏Å‡πÄ‡∏û‡∏∑‡πà‡∏≠‡∏î‡∏π‡∏Ç‡πâ‡∏≠‡∏Ñ‡∏ß‡∏≤‡∏°‡∏ó‡∏µ‡πà‡∏ã‡πà‡∏≠‡∏ô‡π
post,N/A,-'2!#9I C2#-H2I-!9%1%-+8I+H-"H0=O<˚ - Pantip,-'2!#9I C2#-H2I-!9%1%-+8I+H-"H0=O<˚ 2 2 #@41%H-5 @I2CH0 3 5.65/12 0DI #22H-+8IH-@7---!2 AHI2"!7- -1#2@41% 10.91% 7- -0D#+#7-0 A@GH2@5"'11@41%H-5A+%0 AHA*H2%0A +#7- @#20DI 2 @I @41%H-55H1C+I8@7-I'" A%0-1#2@41%H-5 -55-##-5-+8I1IF0 --#08%H'+I2*3+#13-H0=O<˚
post,N/A,Bcp‡πÄ‡∏Ñ‡πâ‡∏≤‡∏Å‡∏≥‡∏•‡∏±‡∏á‡πÄ‡∏•‡πà‡∏ô‡∏≠‡∏∞‡πÑ‡∏£,
post,N/A,+8IH-%12%A# - 4!+2A'#1 700 8 - Pantip,D!H1D#A'#1D 700 1@%"5@5"' %8B5H 2 3 !2#8H5I  2 1 +8I6I  2 2 8+8IDI2%12  2 3 #-9 AIDI-'2!@!7H- 8 
1H'B!5HA%I'
comment,N/A,+8IH-%12%A# - 4!+2A'#1 700 8 - Pantip,-9""""!!!!††H2'#I2"!2A%I'
comment,2025-03-13,+8IH-%12%A# - 4!+2A'#1 700 8 - Pantip,@#2DI"4!2H-+I25I††!21IAH
H'I5A%I'H0††5H@"B*'H2††2#2@I2916@
#††D0 92#2 GH2%1'#4FH0††AH0--82C+I'2!@+G-5AH+6HD'I'H2 #29*#I22#22A%0B'"8H!††@G9I*#I2#2††'@#2DI@#5"#9I-0D#††22#*#I2#221I2... 1H. 7- #0*2#L††#222*H'21'5H936I!2 !5*H'1 2#'! AH- %-@#5"#9I @#7H-!9%H21#221@-I2††H20"2"'2!41 DI56I +#7-@%H2...
comment,2024-11-30,+8IH-%12%A# - 4!+2A'#1 700 8 - Pantip,!1#'"@#5"#I-"A%I' H-"!2I-+!9@I2@%I2 ..#-@
7-
comment,N/A,+8IH-%12%A# - 4!+2A'#1 700 8 - Pantip,##
5@+%7-@H21I P/E††1% -+8IC%20-"9H@H2D# DI41D+! H20@#5"'1'4@#20+L1(A"HF D@I2+I-@"G#11(41@*5"+H-"
comment,N/A,+8IH-%12%A# - 4!+2A'#1 700 8 - Pantip,-"H2C+I!5#1I5H 4
comment,2025-03-13,+8IH-%12%A# - 4!+2A'#1 700 8 - Pantip,5H@5"... D!H!5@2%+%9H#2††@#2'#1'2!@+G28H2"††@7H-@#5"!1'@-D'IC+I#I-! "4HC181††2#B"@4D!2#0+'H2*4#1"L††!5!2A#2"'1 #2"25††*4H5H'#@#5"#9I7- -7H3%14-"H2D#††A%0@#2'#0I-3-0D# H0
comment,N/A,+8IH-%12%A# - 4!+2A'#1 700 8 - Pantip,A+!!FFFF&"1H0D!H#9I1&AH%0G-"20DI-90+2'45D+G*##+21!2&+#7-D!H#4
comment,2025-03-14,+8IH-%12%A# - 4!+2A'#1 700 8 - Pantip,I5B#"1@
5"#L1+-"9H@%"!1I" -5I0D@G#I-"%0@+#-
post,N/A,-3A03#1-#L - Pantip,I25HF@G!"1-@+%7-#0*84+H-"0@4!1'D+@I2D+#7-2"1'D+5#1 #-D!I*8I2"-"9H
comment,2025-03-13,-3A03#1-#L - Pantip,I2@G!B#A#!!0D!H@%7- shr #1@#209I#4+2#@"-- ipo 'H2I2#- 5 53D#5AH- -5IH2!2 5 5GD!HDI5@%" mint centel "19!5#'H2
comment,2025-03-13,-3A03#1-#L - Pantip,-8#1%1@%1'5I-"9H'H2I2@I6I!202"5!1I" @#204'H2@GH-@5H"'I'"@%""1D!HDI2"
comment,2025-03-13,-3A03#1-#L - Pantip,#4F!407I-@+!7-1-5H#22 2 2- 5 55HA%I'AH7--D19I#4+2##9I*6'H2 "1D!H@H#13D#I-"'H2%8H!@5"'1@"-0@%" 5H*317-B#A#!*H'C+HD!HDI-"9HCD"I'"G@%"D9%32D!HH-"@+G 2
comment,2025-03-13,-3A03#1-#L - Pantip,-8#1 !@-I-#8*63D#!1D!HDD+@%"!2+%2"5A%I' #22I-DF!2F !5H2'5!2%-AH3D#D!HDD+@%"
comment,2025-03-13,-3A03#1-#L - Pantip,!2"4I1I+! A%I'1I+%1C+!H#1 315 ...
comment,2025-03-13,-3A03#1-#L - Pantip,-"+%2"A*@%"#1 -#1H-D+'!1I"#1
comment,2025-03-13,-3A03#1-#L - Pantip,@7H-0DI-"!2!-+8I A%I'+21'5H0 return DI@"-0F I2"1!-"9H11'@4!F 28@"-0F@+!7-@4! 2#03-0D#G0411'@4!F #1†††!@-2C
H'"#4F
comment,N/A,-3A03#1-#L - Pantip,'2!@+G5H 2 A03'H2 2"%I2-#L !A0'H2 SAP short against port G7- 2"%I2-#L A%I'D'I'H2 87-+8I-0D#-"9HI2  '15I '1D+5H I2@4 GAH @-2@4%1!27I- C+I@H2@4!
comment,N/A,-3A03#1-#L - Pantip,%I2"F-!@%"#1 AH3'+8I-! I-"'H2!2 %-+%2"55H@I2%2+8I !128 D#H'!#I-"1' #01H@!7H-@7-5HA%I' DI-H2#09IC*4#@5H"'1+8I1'C+H 1% @2@!IL1-"H2!5'2!*8 AH... D!H!5@#2#H'!I'"1I5H-"9HC%2@5"'1 !1*4C%I2-#L1I+! D!H'H20@G -"*9-"H3 1'@%G1'I-"#H'!*41' @GAH 4#H2'F@+%7-@4@5" 20% -@45H%8D 3!2@#4H!IC+!H 0"-"*0*! PTTEP A%0 SCB -151+8I@G3D#5HAI@2B"%-
comment,N/A,-3A03#1-#L - Pantip,@G+8I5HD!HDI-"9HC%4*L*11'@%"
comment,2025-03-13,-3A03#1-#L - Pantip,H220-""2'=
comment,N/A,-3A03#1-#L - Pantip,#2
 1 9H -DI#1
comment,2025-03-13,-3A03#1-#L - Pantip,-2 WHA GFPT -D+'!1I0 A03 4 Trading A/C %H2I2"D'I5'H2H0 AIDI-'2!@!7H- 8 
1H'B!5HA%I'
comment,N/A,-3A03#1-#L - Pantip,I2D!H%I21GI-7-H-+#7-111'#1
comment,2025-03-13,-3A03#1-#L - Pantip,I--H-0#1!#1-#L+8I5H  7--"9H7-!5-"9HA%I'#1(+'1'H29!2A%I'C#0160#1) #12!*D%L!#1-209@*5H"FAH@
7H-@-0#1!1D!H@*5H"+#-#1††7-!9!1!5+8IC-#L@"-0D#1(*3+#1!) 2"81'5HD!HDI-"9HC#2"
7H-5H!096#1A%I'@-2@45H2"DI!27I-@4H!+8I15I#1 GFPT 60% TU 20% GPSC 20%††*9IF#1
comment,2025-03-13,-3A03#1-#L - Pantip,+!2"6C+I!5+8IC-#L% 5H@5"0#17-!1 100% -5#1
comment,N/A,-3A03#1-#L - Pantip,shr ‡∏´‡∏ô‡∏µ‡πâ‡πÄ‡∏¢‡∏≠‡∏∞ ‡πÅ‡∏•‡∏∞‡∏ï‡πâ‡∏≠‡∏á‡∏ã‡πà‡∏≠‡∏°‡∏´‡πâ‡∏≠‡∏á ‡∏Å‡∏±‡∏ö‡∏•‡∏á‡∏ó‡∏∏‡∏ô‡∏≠‡∏µ‡∏Å‡πÄ‡∏¢‡∏≠‡∏∞ ‡∏ñ‡πâ‡∏≤‡∏£‡∏≠ 10 ‡∏õ‡∏µ‡πÑ‡∏î‡πâ‡∏ï‡∏±‡∏ß‡∏ô‡∏µ‡πâ‡∏≠‡∏ô‡∏≤‡∏Ñ‡∏ï‡∏î‡∏µ
comment,N/A,-3A03#1-#L - Pantip,2%2#D!H!5+8I@G%2 -1#0@*#4††D!H!5C##9I'H2I@+'-"9H#D+ I2@%7-@GD+2%226I5'H21
comment,2025-03-13,-3A03#1-#L - Pantip,!81'7-'H2#1DI *22#L%2-5I -#L8"1955-"9H "@'I GPSC 2"4ID@-0 +8II-" #32*2"2 +C+I@' 'H24%@"-0
comment,2025-03-13,-3A03#1-#L - Pantip,H282"DA%I'
comment,2025-03-13,-3A03#1-#L - Pantip,!@
5" wha tu gfpt
comment,2025-03-14,-3A03#1-#L - Pantip,@G!@G wha tu††D'I#1 1'-7HD!HH-"DI2! no comment
post,N/A,'#2"-8#'!+8ID"- Eastspring D+!0 (-5I2881') - Pantip,"%8D'I2A%I' 3 -- Eastspring - SET50 4% 14% - SET50DV !51% 4% 22% - JB25LTFDV !51% 4% 35% (#3+7-A%I' 2"DI1I+!) @	%5H" 3 --5I4%#0!2 25% (1◊◊,◊◊◊?) D!H8I!8 A%01%5HDI!2"1D!H@"-0 2 2)5D!H*9 #0!2 10% C6"1D!H-"22" @#2028@"-0!2 @*5"2"@4††A%0"1D!H#I-@4@H2D# AHI2D!H2" GD!H#9I'H2 -52D+!0%1!2@H28 !5B-2*D+!D!H#9I 1' Ltf 5HI2A03C+I%-(6)21' Thai ESG 5H!5#0B!H2'
H'5I-"9H 'H2H2*C"I2"!2%8 AHGD!HH-"AHC'H20"I2"!2%5D+!"
comment,2025-03-13,'#2"-8#'!+8ID"- Eastspring D+!0 (-5I2881') - Pantip,2 2)510% D!HH2"I2"DThaiESGX#1
post,N/A,=€< >!0<¢Û I2--+8IÆ =Å<π Fri 14 Mar 2025 =0>! < =€ - Pantip,=€< >!0<¢Û I2--+8IÆ =Å<π Fri 14 Mar 2025 =0>! < =€ cr :††novy_jp https://pantip.com/topic/43312452?sc=QraGzCS
comment,2025-03-13,=€< >!0<¢Û I2--+8IÆ =Å<π Fri 14 Mar 2025 =0>! < =€ - Pantip,AIDI-'2!@!7H- 8 
1H'B!5HA%I'
comment,2025-03-13,=€< >!0<¢Û I2--+8IÆ =Å<π Fri 14 Mar 2025 =0>! < =€ - Pantip,4'F @GAD+0
comment,2025-03-13,=€< >!0<¢Û I2--+8IÆ =Å<π Fri 14 Mar 2025 =0>! < =€ - Pantip,A'2 31J!4J@*5" I-#0'1@%"
comment,2025-03-13,=€< >!0<¢Û I2--+8IÆ =Å<π Fri 14 Mar 2025 =0>! < =€ - Pantip,K2A!1!0@!H202#2"AC
comment,2025-03-13,=€< >!0<¢Û I2--+8IÆ =Å<π Fri 14 Mar 2025 =0>! < =€ - Pantip,1H1+I2 0AJ5H-#L*1+H-"
comment,2025-03-13,=€< >!0<¢Û I2--+8IÆ =Å<π Fri 14 Mar 2025 =0>! < =€ - Pantip,#5H-!+8I/ -'H2-@7I- 2 !' H0*4
comment,2025-03-13,=€< >!0<¢Û I2--+8IÆ =Å<π Fri 14 Mar 2025 =0>! < =€ - Pantip,-#8*'1*4L#14'1A%05HI-88H2#1
comment,2025-03-13,=€< >!0<¢Û I2--+8IÆ =Å<π Fri 14 Mar 2025 =0>! < =€ - Pantip,AH1
2!-2+2#@
J@2FC+I@!G@*5"*51014'--%4HG0A#6I
comment,2025-03-13,=€< >!0<¢Û I2--+8IÆ =Å<π Fri 14 Mar 2025 =0>! < =€ - Pantip,9I-@%5H0-#7I-+8I6D+4
comment,N/A,=€< >!0<¢Û I2--+8IÆ =Å<π Fri 14 Mar 2025 =0>! < =€ - Pantip,thank you
comment,2025-03-13,=€< >!0<¢Û I2--+8IÆ =Å<π Fri 14 Mar 2025 =0>! < =€ - Pantip,
comment,N/A,=€< >!0<¢Û I2--+8IÆ =Å<π Fri 14 Mar 2025 =0>! < =€ - Pantip,
comment,2025-03-13,=€< >!0<¢Û I2--+8IÆ =Å<π Fri 14 Mar 2025 =0>! < =€ - Pantip,
comment,N/A,=€< >!0<¢Û I2--+8IÆ =Å<π Fri 14 Mar 2025 =0>! < =€ - Pantip,D!H% 5555
comment,2025-03-13,=€< >!0<¢Û I2--+8IÆ =Å<π Fri 14 Mar 2025 =0>! < =€ - Pantip,
comment,2025-03-13,=€< >!0<¢Û I2--+8IÆ =Å<π Fri 14 Mar 2025 =0>! < =€ - Pantip,
comment,2025-03-13,=€< >!0<¢Û I2--+8IÆ =Å<π Fri 14 Mar 2025 =0>! < =€ - Pantip,
comment,2025-03-13,=€< >!0<¢Û I2--+8IÆ =Å<π Fri 14 Mar 2025 =0>! < =€ - Pantip,
comment,2025-03-13,=€< >!0<¢Û I2--+8IÆ =Å<π Fri 14 Mar 2025 =0>! < =€ - Pantip,AIDI-'2!@!7H- 10 
1H'B!5HA%I'
comment,2025-03-13,=€< >!0<¢Û I2--+8IÆ =Å<π Fri 14 Mar 2025 =0>! < =€ - Pantip,"""94"" ‡∏û‡∏¢‡∏≤‡∏¢‡∏≤‡∏°‡∏¢‡∏∑‡∏î‡πÄ‡∏ß‡∏•‡∏≤‡∏ï‡πà‡∏≠‡∏£‡""#1*@5""" ‡πÑ‡∏î‡πâ‡∏£‡∏±‡∏ö‡∏õ‡∏£‡∏∞‡πÇ‡∏¢‡∏ä‡∏ô‡πå‡∏à‡∏≤‡∏Å‡∏Ç"
comment,2025-03-13,=€< >!0<¢Û I2--+8IÆ =Å<π Fri 14 Mar 2025 =0>! < =€ - Pantip,"1*1H8A+%-"9H@%" 0"64AC+I!25H*8
comment,2025-03-13,=€< >!0<¢Û I2--+8IÆ =Å<π Fri 14 Mar 2025 =0>! < =€ - Pantip,
comment,2025-03-13,=€< >!0<¢Û I2--+8IÆ =Å<π Fri 14 Mar 2025 =0>! < =€ - Pantip,
comment,2025-03-13,=€< >!0<¢Û I2--+8IÆ =Å<π Fri 14 Mar 2025 =0>! < =€ - Pantip,@-0D#0@-2!2@%HGB2+I2D+!††-"9H1AF5HA+%0
comment,2025-03-13,=€< >!0<¢Û I2--+8IÆ =Å<π Fri 14 Mar 2025 =0>! < =€ - Pantip,
comment,2025-03-13,=€< >!0<¢Û I2--+8IÆ =Å<π Fri 14 Mar 2025 =0>! < =€ - Pantip,"[BREAKING] Porsche ‡∏õ‡∏£‡∏∞‡∏Å‡∏≤‡∏®‡πÄ‡∏ï‡∏£‡∏µ‡∏¢‡∏°‡∏õ‡∏•‡∏î‡∏û‡∏ô‡∏±‡∏Å‡∏á‡∏≤‡∏ô‡∏°‡∏≤‡∏Å‡∏ñ‡∏∂‡∏á 3,900 ‡∏ï‡∏≥‡πÅ‡∏´‡∏ô‡πà‡∏á ‡∏´‡∏£‡∏∑‡∏≠‡πÄ‡∏Å‡∏∑‡∏"
comment,2025-03-13,=€< >!0<¢Û I2--+8IÆ =Å<π Fri 14 Mar 2025 =0>! < =€ - Pantip,"[Spoil] ‡∏Ñ‡∏•‡∏¥‡∏Å‡πÄ‡∏û‡∏∑‡πà‡∏≠‡∏î‡∏π‡∏Ç‡πâ‡∏≠‡∏Ñ‡∏ß‡∏≤‡∏°‡∏ó‡∏µ‡πà‡∏ã‡πà‡∏≠‡∏ô‡πÑ‡∏ß‡πâ ‡∏û‡∏≤‡∏°‡∏≤‡πÄ‡∏ö‡∏¥‡πà‡∏áüßê‡∏à‡∏≥‡∏ô‡∏ß‡∏ô‡∏ô‡∏±‡∏Å‡∏•‡∏á‡∏ó‡∏∏‡∏ô‡∏´‡∏∏‡πâ‡∏ô‡∏ä‡∏≤‡∏ß‡πÑ‡∏ó‡∏¢üáπüá≠‡πÉ‡∏ô‡∏ï‡∏•‡∏≤‡∏î‡∏´‡∏•‡∏±‡∏Å‡∏ó‡∏£‡∏±‡∏û‡∏¢‡πå‡∏Ø ‡∏Å‡∏ß‡πà‡∏≤ 2.8 ‡∏•‡πâ‡∏≤‡∏ô‡∏Ñ‡∏ô ‡∏Å‡∏£‡∏∞‡∏à‡∏≤‡∏¢‡∏≠‡∏¢‡∏π‡πà‡πÑ‡∏´‡∏ô‡∏ö‡πâ‡∏≤‡∏á . ‡∏Ç‡πâ‡∏≠‡∏°‡∏π‡∏•‡∏à‡∏≤‡∏Å‡∏ï‡∏•‡∏≤‡∏î‡∏´‡∏•‡∏±‡∏Å‡∏ó‡∏£‡∏±‡∏û‡∏¢‡πå‡πÅ‡∏´‡πà‡∏á‡∏õ‡∏£‡∏∞‡πÄ‡∏ó‡∏®‡πÑ‡∏ó‡∏¢(SET) ‡πÄ‡∏ú‡∏¢‡∏à‡∏≥‡∏ô‡∏ß‡∏ô‡∏ú‡∏π‡πâ‡∏•‡∏á‡∏ó‡∏∏‡∏ô‡∏´‡∏∏‡πâ‡∏ô‡∏ä‡∏≤‡∏ß‡πÑ‡∏ó‡∏¢ ‡∏ì ‡πÄ‡∏î‡∏∑‡∏≠‡∏ô ‡∏Å‡∏£‡∏Å‡∏è‡∏≤‡∏Ñ‡∏° ‡∏õ‡∏µ 2567 ‡∏ó‡∏±‡πâ‡∏á‡∏´‡∏°‡∏î 2,800,000 ‡∏Ñ‡∏ô . ‡∏à‡∏∞‡πÄ‡∏´‡πá‡∏ô‡πÑ‡∏î‡πâ‡∏ß‡πà‡∏≤‡∏à‡∏≥‡∏ô‡∏ß‡∏ô‡∏ô‡∏±‡∏Å‡∏•‡∏á‡∏ó‡∏∏‡∏ô‡∏´‡∏∏‡πâ‡∏ô‡∏ä‡∏≤‡∏ß‡πÑ‡∏ó‡∏¢ 2.8 ‡∏•‡πâ‡∏≤‡∏ô‡∏Ñ‡∏ô ‡∏Ñ‡∏¥‡∏î‡πÄ‡∏õ‡πá‡∏ô‡∏£‡πâ‡∏≠‡∏¢‡∏•‡∏∞ 4.24 ‡∏Ç‡∏≠‡∏á‡∏à‡∏≥‡∏ô‡∏ß‡∏ô‡∏õ‡∏£‡∏∞‡∏ä‡∏≤‡∏Å‡∏£‡∏ó‡∏±‡πâ‡∏á‡∏´‡∏°‡∏î ‡∏ã‡∏∂‡πà‡∏á‡∏™‡∏≠‡∏î‡∏Ñ‡∏•‡πâ‡∏≠‡∏á‡∏Å‡∏±‡∏ö ‡∏£‡∏≤‡∏¢‡∏á‡∏≤‡∏ô Personal Finance and Investment Habits in Southeast Asia ‡∏à‡∏≤‡∏Å Milieu Insight (‡∏° 0 ‡∏Ñ‡∏ô ‡∏Ñ‡∏ß‡∏≤‡∏°‡∏ï‡∏∑‡πà‡∏ô‡∏ï‡∏±‡∏ß‡πÉ‡∏ô‡∏Å‡∏≤‡∏£‡∏•‡∏á‡∏ó‡∏∏‡∏ô ‡∏Ñ‡∏ô‡∏™‡πà‡∏ß‡∏ô‡πÉ‡∏´‡∏ç‡πà‡πÉ‡∏ô‡∏†‡∏π‡∏°‡∏¥‡∏†‡∏≤‡∏Ñ ‡πÅ‡∏•‡∏∞‡∏™‡∏±‡∏î‡∏™‡πà‡∏ß‡∏ô‡∏ô‡∏±‡∏Å‡∏•‡∏á‡∏ó‡∏∏‡∏ô‡∏´‡∏∏‡πâ‡∏ô‡∏ä‡∏≤‡∏ß‡πÑ‡∏ó‡∏¢‡πÉ‡∏ô‡∏ï‡∏•‡∏≤‡∏î‡∏´‡∏•‡∏±‡∏Å‡∏ó‡∏£‡∏±‡∏û‡∏¢‡πå ‡∏™‡∏∞‡∏ó‡πâ‡∏≠‡∏ô‡∏ß‡πà‡∏≤ ‡∏≠‡∏≤‡πÄ‡∏ã‡∏µ‡∏¢‡∏ô‡∏°‡∏µ‡∏Ñ‡∏ß‡∏≤‡∏°‡∏£‡∏π‡πâ‡∏ó‡∏≤‡∏á‡∏Å‡∏≤‡∏£‡πÄ‡∏á‡∏¥‡∏ô‡∏ï‡πà‡∏≥ ‡∏õ‡∏£‡∏∞‡∏Å‡∏≠‡∏ö‡∏Å‡∏±‡∏ö‡∏°‡∏µ‡∏£‡∏≤‡∏¢‡πÑ‡∏î‡πâ‡∏ô‡πâ‡∏≠‡∏¢ ‡∏à‡∏∂‡∏á‡∏°‡∏µ‡πÇ‡∏≠‡∏Å‡∏≤‡∏™‡πÄ‡∏Ç‡πâ‡∏≤‡∏ñ‡∏∂‡∏á ‡∏Å‡∏≤‡∏£‡∏•‡∏á‡∏ó‡∏∏‡∏ô‡∏ó‡∏µ‡πà‡∏à‡∏≥‡∏Å‡∏±‡∏î ‡∏ó‡∏≥‡πÉ‡∏´‡πâ‡∏û‡∏•‡∏≤‡∏î‡πÇ‡∏≠‡∏Å‡∏≤‡∏™‡πÉ‡∏ô‡∏Å‡∏≤‡∏£‡∏™‡∏∞‡∏™‡∏°‡∏Ñ‡∏ß‡∏≤‡∏°‡∏°‡∏±‡πà‡∏á‡∏Ñ‡∏±‡πà‡∏á ‡πÅ‡∏•‡∏∞‡∏™‡∏£‡πâ‡∏≤‡∏á‡∏Å‡∏≤‡∏£‡πÄ‡∏ï‡∏¥‡∏ö‡πÇ‡∏ï‡∏ó‡∏≤‡∏á‡∏Å‡∏≤‡∏£‡πÄ‡∏á‡∏¥‡∏ô ‡∏™‡πà‡∏á‡∏ú‡∏•‡∏ï‡πà‡∏≠‡∏Å‡∏≤‡∏£‡∏°‡∏µ‡∏≠‡∏¥‡∏™‡∏£‡∏∞‡∏ó‡∏≤‡∏á‡∏Å‡∏≤‡∏£‡πÄ‡∏á‡∏¥‡∏ô ‡πÅ‡∏•‡∏∞‡∏à‡∏∞‡πÄ‡∏õ‡πá‡∏ô‡∏õ‡∏±‡∏ç‡∏´‡∏≤‡πÉ‡∏´‡∏ç‡πà‡πÉ‡∏ô‡∏≠‡∏ô‡∏≤‡∏Ñ‡∏ï ‡πÄ‡∏°‡∏∑‡πà‡∏≠‡πÅ‡∏ï‡πà‡∏•‡∏∞‡∏õ‡∏£‡∏∞‡πÄ‡∏ó‡∏®‡πÉ‡∏ô‡∏≠‡∏≤‡πÄ‡∏ã‡∏µ‡∏¢‡∏ô ‡∏£‡∏ß‡∏°‡∏ñ‡∏∂‡∏á‡πÑ‡∏ó‡∏¢ ‡πÑ‡∏î‡πâ‡∏Å‡πâ‡∏≤‡∏ß‡πÄ° #0@!4#2"#1 #2"H2" A%0*4#1"L5H!5-"9H 13#0!2: '2A2#C
I@4CAH%0@7-C+I*-%I-1#2"DI --!@4: *#I2'41"C2#--!@4-"H2*!H3@*!- %8: 3@4--!D%8@7H-C+I@432A%0@4B #4+2#'2!@*5H": I-1'2!@*5H"5H-2@46I @
H 2##01
5'4 2##01*8 2 #%2+%1#1"L*1# #B#2
 ###2
*5!2 #investnow #Retail #%8 #*1!!2%8 #@'4#L
-%8"
comment,2025-03-13,=€< >!0<¢Û I2--+8IÆ =Å<π Fri 14 Mar 2025 =0>! < =€ - Pantip,5HF#8I14I@*8JD+! !2#L 10@4#L A%I'5HF#8I14I7D+! [Spoil] %4@7H-9I-'2!5HH-D'I !2#L 1#0- 6HBJ0
comment,2025-03-13,=€< >!0<¢Û I2--+8IÆ =Å<π Fri 14 Mar 2025 =0>! < =€ - Pantip,
comment,2025-03-13,=€< >!0<¢Û I2--+8IÆ =Å<π Fri 14 Mar 2025 =0>! < =€ - Pantip,"=%H2'@H #0@G#I-=% 13 !52! 2568 --- HTC 1I@I2#2"DI5 68 A0 8,700 %I22 
9-1#2%-A@41% 6% H-5 https://www.hooninside.com/news-feed/365248/view/ --- ASW @4#5@%6C+!H KAVALON A!1*-B
4#1I' !.#8@ #1*4 !9%H2B#2##'! 4,500 %I22 https://www.hooninside.com/news-feed/365263/view/ --- SYNTEC -8!14B#2#7I-+8I7 3' 90 %I2+8I '@4 150 %I22 @#4H! 17 !5.. - 17 .".68 https://www.hooninside.com/news-feed/365175/view/ --- -#L SOLAR @201I 1!2 ')LI'"- -8!% '20*8#8% @G#02@I2+I25H#4+2##H'! https://www.hooninside.com/news-feed/365165/view/"
comment,2025-03-13,=€< >!0<¢Û I2--+8IÆ =Å<π Fri 14 Mar 2025 =0>! < =€ - Pantip,9I-7I-@J0††@+#-@5H"... [Spoil] %4@7H-9I-'2!5HH-D'I
comment,2025-03-13,=€< >!0<¢Û I2--+8IÆ =Å<π Fri 14 Mar 2025 =0>! < =€ - Pantip,"[Spoil] ‡∏Ñ‡∏•‡∏¥‡∏Å‡πÄ‡∏û‡∏∑‡πà‡∏≠‡∏î‡∏π‡∏Ç‡πâ‡∏≠‡∏Ñ‡∏ß‡∏≤‡∏°‡∏ó‡∏µ‡πà‡∏ã‡πà‡∏≠‡∏ô‡πÑ‡∏ß‡πâ ‡∏Æ‡∏π‡πâ‡∏ö‡πà‡∏ß‡πà‡∏≤‚ùìÔ∏è‡∏≠‡∏µ‡∏Å 10""*1!*9'1"#01*8"- (Super Aged Society)"" . ISAN Insight and Outlook ‡∏Ñ‡∏≤‡∏î‡∏Å‡∏≤‡∏£‡∏ì‡πå ‡πÇ‡∏Ñ‡∏£‡∏á‡∏™‡∏£‡πâ‡∏≤‡∏á‡∏õ‡∏£‡∏∞‡∏ä‡∏≤‡∏Å‡∏£‡πÉ‡∏ô‡∏≠‡∏µ‡∏Å 10 ‡∏õ‡∏µ‡∏Ç‡πâ‡∏≤‡∏á‡∏´‡∏ô‡πâ‡∏≤ ‡∏õ‡∏µ ‡∏û.‡∏®.2577 . ‡∏õ‡∏±‡∏à‡∏à‡∏∏‡∏ö‡∏±‡∏ô‡πÇ‡∏Ñ‡∏£‡∏á‡∏™‡∏£‡πâ‡∏≤‡∏á‡∏õ‡∏£‡∏∞‡∏ä‡∏≤‡∏Å‡∏£‡∏Ç‡∏≠‡∏á‡∏†‡∏≤‡∏Ñ‡∏≠‡∏µ‡∏™‡∏≤‡∏ô‡∏≠‡∏¢‡∏π‡πà‡πÉ‡∏ô‡∏™‡∏±‡∏á‡∏Ñ‡∏°‡∏ú‡∏π‡πâ‡∏™‡∏π‡∏á‡∏≠‡∏≤‡∏¢‡∏∏‡πÇ‡∏î‡∏¢‡∏™‡∏°‡∏ö‡∏π‡∏£‡∏ì‡πå (Complete aged society) ‡∏ã‡∏∂‡πà‡∏á‡∏°‡∏µ‡∏•‡∏±‡∏Å‡∏©‡∏ì‡∏∞‡πÄ‡∏õ‡πá‡∏ô‡∏õ‡∏¥‡∏£‡∏≤‡∏°‡∏¥‡∏î‡∏õ‡∏£‡∏∞‡∏ä‡∏≤‡∏Å‡∏£‡πÅ‡∏ö‡∏ö‡∏´‡∏î‡∏ï‡∏±‡∏ß ‡πÄ‡∏õ‡πá‡∏ô‡∏ú‡∏•‡∏à‡∏≤‡∏Å‡∏≠‡∏±‡∏ï‡∏£‡∏≤‡∏Å‡∏≤‡∏£‡πÄ‡∏Å‡∏¥‡∏î‡∏ó‡∏µ‡πà‡∏•‡∏î‡∏•‡∏á‡∏≠‡∏¢‡πà‡∏≤‡∏á‡∏ï‡πà‡∏≠‡πÄ‡∏ô‡∏∑‡πà‡∏≠‡∏á ‡πÅ‡∏•‡∏∞‡∏Å‡∏≤‡∏£‡∏¢‡πâ‡∏≤‡∏¢‡∏ñ‡∏¥‡πà‡∏ô‡∏Ç‡∏≠‡∏á‡∏õ‡∏£‡∏∞‡∏ä‡∏≤‡∏Å‡∏£‡∏ß‡∏±‡∏¢‡πÅ‡∏£‡∏á‡∏á‡∏≤‡∏ô ‡∏™‡πà‡∏á‡∏ú‡∏•‡πÉ‡∏´‡πâ‡πÉ‡∏ô‡∏≠‡∏ô‡∏≤‡∏Ñ‡∏ï‡∏†‡∏≤‡∏Ñ‡∏≠‡∏µ‡∏™‡∏≤‡∏ô‡∏°‡∏µ‡πÅ‡∏ô‡∏ß‡πÇ‡∏ô‡πâ‡∏°‡∏ó‡∏µ‡πà‡∏à‡∏∞‡πÄ‡∏Ç‡πâ‡∏≤‡∏™‡∏π‡πà‡∏™‡∏±‡∏á‡∏Ñ‡∏°‡∏™‡∏π‡∏á‡∏ß‡∏±‡∏¢‡∏£‡∏∞‡∏î‡∏±‡∏ö‡∏™‡∏∏‡∏î‡∏¢‡∏≠‡∏î(Super Aged Society) ‡∏Å‡∏≤‡∏£‡πÄ‡∏õ‡∏•‡∏µ‡πà‡∏¢‡∏ô‡πÅ‡∏õ‡∏•‡∏á‡∏Ç‡∏≠‡∏á‡πÇ‡∏Ñ‡∏£‡∏á‡∏™ 25H!5(1" 2C-8*2+##!H2F A%0I8I2A#25H*96I -23!26H2#9AB"A#2H2I2'A%0@BB%"5@7H-C+I@(#)4"13@4H-DDI . 6HA'BI!- 2-5*25H!5#0
2#@G 1 C 3 -#0@(5H@%5H"D "H-!*H%H-B#*#I2#0
2#-1I#0@(C+I@42#@%5H"A%-A#2C#0@(#)4 . -2D"A%I'1I @+82#L5H@46I-*1!9I*9-2"8B"*!9#L (Complete aged society) G@46ICH2#0@( A%I'AH%0#0@(!52##1!7--"H2D# A%0D"0I-@#5"!#1!7-H-2#@%5H"A%@
4B#*#I2#0
2##1IC+5I-"H2D# 42!H-DI5H #0@G#I-C'4@#20+L@(#)4-5*2 #03@7-8! 21L 2568 _________________________________________ -H2H-'4@#20+L ISAN Outlook 1'@G!@7-%H2*8 DI5H https://isaninsight.kku.ac.th/outlook . #'4@#20+L #'4@#20+L@(#)4-5*2 #'4@#20+L#2"@7- #@(#)4-5*2 #@(#)4568 #'4@#20+L@(#)4#035 #'4@#20+L@(#)4"
comment,2025-03-13,=€< >!0<¢Û I2--+8IÆ =Å<π Fri 14 Mar 2025 =0>! < =€ - Pantip,[Spoil] ‡∏Ñ‡∏•‡∏¥‡∏Å‡πÄ‡∏û‡∏∑‡πà‡∏≠‡∏î‡∏π‡∏Ç‡πâ‡∏≠‡∏Ñ‡∏ß‡∏≤‡∏°‡∏ó‡∏µ‡πà‡∏ã‡πà‡∏≠‡∏ô‡πÑ‡∏ß‡πâ ‡πÉ‡∏ô‡∏ä‡πà‡∏ß‡∏á‡∏ó‡∏®‡∏ß‡∏£‡∏£‡∏©‡∏ó‡∏µ‡πà‡∏ú‡πà‡∏≤‡∏ô‡∏°‡∏≤ ‡∏õ‡∏±‡∏ç‡∏´‡∏≤‡∏´‡∏ô‡∏µ‡πâ‡∏Ñ‡∏£‡∏±‡∏ß‡πÄ‡∏£‡∏∑‡∏≠‡∏ô‡πÑ‡∏ó‡∏¢‡∏ó‡∏ß‡∏µ‡∏Ñ‡∏ß‡∏≤‡∏°‡∏£‡∏∏‡∏ô‡πÅ‡∏£‡∏á‡∏Ç‡∏∂‡πâ‡∏ô‡∏≠‡∏¢‡πà‡∏≤‡∏á‡∏ï‡πà‡∏≠‡πÄ‡∏ô‡∏∑‡πà‡∏≠‡∏á‡∏à‡∏ô‡πÄ‡∏£‡∏¥‡πà‡∏°‡∏™‡πà‡∏á‡∏ú‡∏•‡∏Å‡∏£‡∏∞‡∏ó‡∏ö‡∏
comment,2025-03-13,=€< >!0<¢Û I2--+8IÆ =Å<π Fri 14 Mar 2025 =0>! < =€ - Pantip,
comment,2025-03-13,=€< >!0<¢Û I2--+8IÆ =Å<π Fri 14 Mar 2025 =0>! < =€ - Pantip,@2@-2@4D%8C-0D# -#9I#2"%0@-5"D+!#1
comment,2025-03-13,=€< >!0<¢Û I2--+8IÆ =Å<π Fri 14 Mar 2025 =0>! < =€ - Pantip,https://www.nsf.or.th/content/%E0%B8%84%E0%B8%B3%E0%B8%96%E0%B8%B2%E0%B8%A1%E0%B9%80%E0%B8%81%E0%B8%B5%E0%B9%88%E0%B8%A2%E0%B8%A7%E0%B8%81%E0%B8%B1%E0%B8%9A%E0%B8%81%E0%B8%B2%E0%B8%A3%E0%B8%A5%E0%B8%87%E0%B8%97%E0%B8%B8%E0%B8%99#accordion-863345
comment,2025-03-13,=€< >!0<¢Û I2--+8IÆ =Å<π Fri 14 Mar 2025 =0>! < =€ - Pantip,+%1*5H††#3%- -@
I2 0+"8C+I@42D+2+!-1 D+!@5H"
comment,2025-03-13,=€< >!0<¢Û I2--+8IÆ =Å<π Fri 14 Mar 2025 =0>! < =€ - Pantip,2*2!"H2"1D!H@%"
comment,2025-03-13,=€< >!0<¢Û I2--+8IÆ =Å<π Fri 14 Mar 2025 =0>! < =€ - Pantip,"Trump Put ‡∏Ñ‡∏∑‡∏≠‡∏≠‡∏∞‡πÑ‡∏£? ‡∏Ñ‡∏≥‡∏®‡∏±‡∏û‡∏ó‡πå‡πÉ‡∏´‡∏°‡πà‡∏ó‡∏µ‡πà‡∏ô‡∏±‡∏Å‡∏•‡∏á‡∏ó‡∏∏‡∏ô‡∏ï‡πâ‡∏≠‡∏á‡∏£‡∏π‡πâ | Finnomena | LINE TODAY [Spoil] ‡∏Ñ‡∏•‡∏¥‡∏Å‡πÄ‡∏û‡∏∑‡πà‡∏≠‡∏î‡∏π‡∏Ç‡πâ‡∏≠‡∏Ñ‡∏ß‡∏≤‡∏°‡∏ó‡∏µ‡πà‡∏ã‡πà‡∏≠‡∏ô‡πÑ‡∏ß‡πâ Trump 2.0 ‡∏Å‡∏•‡∏±‡∏ö‡∏°‡∏≤‡∏û‡∏£‡πâ‡∏≠‡∏°‡∏ô‡πÇ‡∏¢‡∏ö‡∏≤‡∏¢‡∏ó‡∏µ‡""Trump Put"" ‡∏à‡∏∂‡∏á‡∏ñ‡∏π‡∏Å‡∏û‡∏π‡∏î‡∏ñ‡∏∂‡∏á‡∏≠‡∏µ‡∏Å‡∏Ñ‡∏£‡∏±‡πâ‡∏á‡πÉ‡∏ô‡∏ê‡∏≤‡∏ô‡∏∞‡∏™‡∏±‡∏ç‡∏ç‡∏≤‡∏ì‡πÅ‡∏´‡πà‡∏á‡∏Ñ""Trump Put"" ‡∏à‡∏∞‡∏¢‡∏±‡∏á‡∏Ñ‡∏á‡∏°‡∏µ‡∏û‡∏•‡∏±‡∏á‡πÄ‡∏´‡∏°‡∏∑‡∏≠‡∏ô‡πÄ‡∏î‡∏¥‡∏°‡∏´‡∏£‡∏∑‡∏≠‡πÑ‡∏°‡πà? ‡∏´""Trump Put"" ‡πÄ‡∏õ‡πá‡∏ô‡∏®‡∏±‡∏û‡∏ó‡πå‡πÅ‡∏™‡∏•‡∏á‡πÉ‡∏ô‡∏ß‡∏á‡∏Å‡∏≤‡∏£‡∏Å‡∏≤‡∏£‡πÄ‡∏á‡∏¥‡∏ô‡∏ó‡∏µ‡πà‡∏´‡∏°‡∏≤‡∏¢‡∏ñ‡∏∂‡∏á‡∏Ñ‡∏ß‡∏≤‡∏°‡πÄ‡∏ä‡∏∑‡πà‡∏≠‡∏Ç‡∏≠‡""Put Option"" ‡∏ã‡∏∂‡πà‡∏á‡πÄ‡∏õ‡πá‡∏ô‡πÄ‡∏Ñ‡∏£‡∏∑‡πà‡∏≠‡∏á‡∏°‡∏∑‡∏≠‡∏õ‡πâ‡∏≠‡∏á‡∏Å‡∏±‡∏ô‡∏Ñ‡∏ß‡∏≤‡∏°‡πÄ‡∏™‡∏µ‡πà‡∏¢‡∏á‡πÉ‡∏ô‡∏ï‡∏•‡∏≤‡∏î‡∏Å‡∏≤‡∏£‡πÄ‡∏á‡∏¥‡∏ô ‡πÇ‡∏î‡∏¢‡πÉ‡∏´‡πâ‡∏™‡∏¥‡∏ó‡∏ò‡∏¥‡πå‡πÉ‡∏ô‡∏Å‡∏≤‡∏£‡∏Ç‡∏≤‡∏¢‡∏™‡∏¥‡∏ô‡∏ó‡∏£‡∏±‡∏û‡∏¢‡πå‡πÉ‡∏ô‡∏£‡∏≤‡∏Ñ‡∏≤‡∏ó‡∏µ‡""Fed Put"" ‡∏ã‡∏∂‡πà‡∏á‡∏´‡∏°‡∏≤‡∏¢‡∏ñ‡∏∂‡∏á‡∏ò‡∏ô‡∏≤‡∏Ñ‡∏≤‡∏£‡∏Å‡∏•‡∏≤‡∏á‡∏™‡∏´‡∏£‡∏±‡∏ê‡∏Ø ‡∏´‡∏£‡∏∑‡∏≠ Fed ‡πÉ‡∏ä‡πâ‡πÄ‡∏Ñ‡∏£‡∏∑‡πà‡∏≠‡∏á‡∏°‡∏∑‡∏≠‡∏ó‡∏≤‡∏á‡∏Å‡∏≤‡∏£‡πÄ‡∏á""Trump Put"" ‡∏ó‡∏µ‡πà‡∏°‡∏∏‡πà‡∏á‡∏´‡∏ß‡∏±‡∏á‡πÉ‡∏´‡πâ‡∏Å‡∏≤‡∏£‡πÅ‡∏ó‡∏£‡∏Å‡πÅ‡∏ã‡∏á‡∏à‡∏≤‡∏Å‡∏""Trump Put"" ‡∏ï‡∏±‡πâ‡∏á‡πÅ‡∏ï‡πà‡∏ó‡∏£‡∏±‡∏°‡∏õ‡πå‡∏Å‡∏•‡∏±‡∏ö‡∏°‡∏≤‡∏£‡∏±‡∏ö‡∏ï‡∏≥‡πÅ‡∏´‡∏ô‡πà‡∏á‡∏™‡∏°‡∏±‡∏¢""Trump Put"" ‡πÄ‡∏û‡∏£‡∏≤‡∏∞‡∏ä‡πà‡∏ß‡∏¢‡∏´‡∏ô‡∏∏‡∏ô‡∏Ñ‡∏ß‡∏≤‡∏°‡πÄ‡∏ä‡∏∑‡πà‡∏≠‡∏°‡∏±‡πà‡∏ô ‡∏õ‡πâ‡∏≠‡∏á‡∏Å‡∏±‡∏ô‡∏Ñ‡∏ß‡∏≤‡∏°‡πÄ‡∏™‡∏µ‡∏¢‡∏""Trump Put"" ‡∏Å‡∏≤‡∏£‡∏•‡∏î‡∏£‡∏∞‡πÄ‡∏ö‡∏µ‡∏¢‡∏ö‡∏Ç‡πâ‡∏≠‡∏ö‡∏±‡∏á‡∏Ñ‡∏±‡∏ö‡πÉ‡∏ô‡∏†‡∏≤‡∏Ñ‡∏û‡∏•‡∏±‡∏á‡∏á‡∏≤‡∏ô ‡∏ß‡∏±‡∏ô‡∏ó‡∏µ‡πà 20 ‡∏°‡∏Å‡∏£‡∏≤‡∏Ñ‡∏° 2025 ‡∏ó‡∏£‡∏±‡∏°‡∏õ‡πå‡∏ñ‡∏≠‡∏ô‡∏™‡∏´‡∏£‡∏±‡∏ê‡∏Ø ‡∏≠‡∏≠‡∏Å‡∏à‡∏≤‡∏Å‡∏Ç‡πâ‡∏≠‡∏ï‡∏Å‡∏•‡∏á‡∏õ‡∏≤‡∏£‡∏µ‡∏™‡∏ó‡∏µ‡πà‡∏°‡∏µ‡πÄ‡∏õ‡πâ‡∏≤‡∏´‡∏°‡∏≤‡∏¢‡∏´‡∏•‡∏±‡∏Å‡∏Ñ‡∏∑‡∏≠‡∏•‡∏î‡∏Å‡∏≤‡∏£‡∏õ‡∏•‡πà‡∏≠‡∏¢‡∏Å‡πä‡∏≤‡∏ã‡πÄ‡∏£‡∏∑‡∏≠‡∏ô‡∏Å‡∏£‡∏∞‡∏à‡∏Å ‡πÅ‡∏•‡∏∞‡πÄ‡∏""Crypto Strategic Reserve"" ‡πÅ‡∏°‡πâ‡∏ß‡πà‡∏≤‡∏à‡∏∞‡∏ä‡∏∞‡∏•‡∏≠‡πÉ‡∏ô‡∏ö‡∏≤‡∏á‡∏™‡πà‡∏ß‡∏ô ‡πÄ‡∏ô‡∏∑‡πà‡∏≠‡∏á‡∏à‡∏≤‡∏Å‡∏Å‡∏±‡∏á‡∏ß‡∏•‡πÄ‡∏£‡∏∑‡πà‡∏≠‡∏á‡∏Ñ‡πà‡∏≤‡πÄ‡∏á‡∏¥‡∏ô‡∏î‡∏≠‡∏•‡∏•‡∏≤‡∏£‡πå ‡πÇ‡∏î‡∏¢‡πÉ‡∏ô‡∏ä‡πà‡∏ß‡∏á‡πÅ‡∏£‡∏Å‡∏ó‡∏µ‡πà‡∏õ‡∏£‡∏∞‡∏Å‡∏≤‡∏®‡∏ô‡πÇ‡∏¢‡∏ö‡∏≤‡∏¢‡∏ô‡∏µ‡πâ Bitcoin ‡∏û‡∏∏‡πà‡∏á‡∏Ç‡∏∂‡πâ‡∏ô‡∏""Trump Tax Cuts"" ‡∏ã‡∏∂‡πà‡∏á‡πÄ‡∏õ‡πá‡∏ô‡∏ô‡πÇ‡∏¢‡∏ö‡∏≤‡∏¢‡∏•‡∏î‡∏†‡∏≤‡∏©‡∏µ‡∏™‡∏≥‡∏´‡∏£‡∏±‡∏ö‡∏ó‡∏±‡πâ‡∏á‡∏ö‡∏£‡∏¥‡∏©‡∏±‡∏ó‡πÅ‡∏•‡∏∞‡∏ö‡∏∏‡∏Ñ‡∏Ñ‡∏• ‡∏ó‡∏µ‡πà‡πÉ‡∏Å‡∏•‡πâ‡∏´‡∏°‡∏î‡∏≠‡∏≤‡∏¢‡∏∏‡πÉ‡∏ô‡∏™‡∏¥‡πâ‡∏ô‡∏õ‡∏µ 2025 ‡∏Å‡∏≤‡∏£‡∏Å‡∏£‡∏∞‡∏ó‡∏≥‡∏ô‡∏µ‡πâ‡∏ä‡πà‡∏ß‡∏¢‡πÄ‡∏û‡∏¥‡πà‡∏°‡∏Å‡∏≥‡∏•‡∏±‡∏á‡∏ã‡∏∑‡πâ‡∏≠ ‡∏•‡∏î‡∏†‡∏≤‡∏£‡∏∞‡∏ò‡∏∏‡∏£‡∏Å‡∏¥‡∏à ‡πÅ‡∏•‡∏∞‡∏õ‡πâ‡∏≠‡∏á‡∏Å‡∏±‡∏ô‡πÑ‡∏°‡πà‡πÉ‡∏´‡πâ‡∏ï‡∏•‡∏≤‡∏î‡∏´‡∏∏‡πâ‡∏ô‡∏£‡πà‡∏ß‡∏á‡∏à‡∏≤‡∏Å Recession ‡∏Å‡∏≤‡∏£‡πÄ‡∏à‡∏£‡∏à‡∏≤‡∏Ñ‡∏•‡∏≤‡∏¢‡∏†‡∏≤‡∏©‡∏µ‡∏®‡∏∏‡∏•‡∏Å‡∏≤‡∏Å‡∏£‡∏´‡∏•‡∏±‡∏á‡∏Ç‡∏π‡πà‡∏Ç‡∏∂‡πâ‡∏ô‡∏™‡∏π‡∏á ‡∏ß‡∏±‡∏ô‡∏ó‡∏µ‡πà 10 ‡∏°‡∏µ‡∏ô‡∏≤‡∏Ñ‡∏° 2025 ‡∏ó‡∏£‡∏±‡∏°‡∏õ‡πå‡∏Ç‡∏π‡πà‡∏Ç‡∏∂‡πâ‡∏ô‡∏†‡∏≤‡∏©‡∏µ‡πÄ‡∏´‡∏•‡πá‡∏Å‡πÅ‡∏Ñ‡∏ô‡∏≤‡∏î‡∏≤ 50% ‡πÅ‡∏ï‡πà‡πÉ‡∏ô‡∏ó‡∏µ‡πà‡∏™‡∏∏‡∏î‡∏£‡∏∞‡∏á‡∏±‡∏ö‡πÅ‡∏ú‡∏ô‡∏´‡∏•‡∏±‡∏á‡πÅ‡∏Ñ‡∏ô‡∏≤‡∏î‡∏≤‡∏¢‡∏Å‡πÄ‡∏•‡∏¥‡∏Å‡∏Ñ‡πà‡∏≤‡∏ò‡∏£‡∏£‡∏°‡πÄ‡∏ô‡∏µ‡∏¢‡∏°‡πÑ‡∏ü‡∏ü‡πâ‡∏≤‡∏™‡πà‡∏á‡∏≠‡∏≠‡∏Å ‡∏Å‡∏≤‡∏£‡∏ï‡∏±‡∏î‡∏™‡∏¥‡∏ô‡πÉ‡∏à‡∏ô‡∏µ‡πâ‡∏ä‡πà‡∏ß‡∏¢‡∏õ‡πâ‡∏≠‡∏á‡∏Å‡∏±‡∏ô S&P 500 ‡πÑ‡∏°‡πà‡πÉ‡∏´‡πâ‡∏£‡πà‡∏ß‡∏á‡πÅ‡∏£‡∏á‡πÄ‡∏Å‡∏¥‡∏ô‡πÑ‡∏õ ‡πÅ‡∏•‡∏∞‡πÅ‡∏™‡∏î‡∏á‡∏ñÄ2 2#1 2##1%2#'8!2#@4 (Deregulation) #1!L%I-11C 22#@4@7H-@4H!'2!"7+"8HA%0*H@*#4!2#@4B A!I0!5'2!@*5H"#0"0"2' AHG
H'"C+I%22#@4#11'DI#'@#G'A%0%H-1' B"2"@+%H25I*0I-6A'4 ""Trump Put"" ‡∏ó‡∏µ‡πà‡∏°‡∏∏‡πà‡∏á‡∏°‡∏±‡πà‡∏ô‡πÉ‡∏ô‡∏Å‡∏≤‡∏£‡∏Å‡∏£‡∏∞‡∏ï‡∏∏‡πâ‡∏ô‡πÄ‡∏®‡∏£‡∏©‡∏ê‡∏Å‡∏¥‡∏à‡πÅ‡∏•‡∏∞‡∏õ‡πâ‡∏≠‡∏á‡∏Å‡∏±‡∏ô‡∏ß‡∏¥‡∏Å‡∏§‡∏ï ‡πÄ‡∏°‡∏∑‡πà‡∏≠‡πÄ‡∏Å‡∏¥‡∏î‡∏Ñ‡∏ß‡∏≤‡∏°‡πÑ‡∏°‡πà‡πÅ‡∏ô‡πà‡∏ô‡∏≠‡∏ô‡πÉ‡∏ô‡∏ï‡∏•‡∏≤‡∏î ‡∏Å‡∏≤‡∏£‡∏õ‡∏£‡∏±‡∏ö‡∏ó‡πà‡∏≤‡∏ó‡∏µ‡πÉ‡∏´‡πâ‡πÄ‡∏´‡∏°‡∏≤‡∏∞‡∏™‡∏"
comment,2025-03-13,=€< >!0<¢Û I2--+8IÆ =Å<π Fri 14 Mar 2025 =0>! < =€ - Pantip,"@H2 9!4@" +'"@)5" 7I-DI8%8H!A%I'! 1I *9'1"-I2#2
2#-12--4( -2"8 15 56ID @#5"!%8I#2'1%5H 1 *96 1 %I22 @20C%0 50 2 7I-DID!H@4 3,000 2H-@7- "I37I-+'" @4D!H+2" 82%2"@G@4--! #TheStandardWealth"
comment,2025-03-13,=€< >!0<¢Û I2--+8IÆ =Å<π Fri 14 Mar 2025 =0>! < =€ - Pantip,"[Spoil] ‡∏Ñ‡∏•‡∏¥‡∏Å‡πÄ‡∏û‡∏∑‡πà‡∏≠‡∏î‡∏π‡∏Ç‡πâ‡∏≠‡∏Ñ‡∏ß‡∏≤‡∏°‡∏ó‡∏µ‡πà‡∏ã‡πà‡∏≠‡∏ô‡πÑ‡∏ß‡πâ ‡∏Ñ‡∏£‡∏ö‡πÄ‡∏Ñ‡∏£‡∏∑‡πà‡∏≠‡∏á‡πÄ‡∏""B8#4'"" ‡∏ã‡∏∂‡πà‡∏á‡πÄ‡∏Å‡∏µ‡πà‡∏¢‡∏ß‡∏Ç‡πâ‡∏≠‡∏á‡∏Å‡∏±‡∏ö‡∏Å‡∏≤‡∏£‡∏Ç‡∏≤‡∏¢‡∏ô‡∏≤‡∏¨‡∏¥‡∏Å‡∏≤‡πÇ‡∏£‡πÄ‡∏•‡πá‡∏Å‡∏ã‡πå‡∏õ‡∏•‡∏≠‡∏° ‡πÇ‡∏î‡∏¢‡∏°‡∏µ‡∏£‡πâ‡∏≤‡∏ô‡∏Ñ‡πâ‡∏≤‡πÉ‡∏ô‡∏ç‡∏µ‡πà‡∏õ‡∏∏‡πà‡∏ô‡∏ù‡∏±‡πà‡∏á‡∏ï‡∏∞‡∏ß‡∏±‡∏ô‡∏ï‡∏Å 23 ‡∏£‡πâ‡∏≤‡∏ô‡πÑ‡∏î‡πâ‡∏£‡∏±‡∏ö‡∏Ñ‡∏ß‡∏≤‡∏°‡πÄ‡∏™‡∏µ‡∏¢‡∏´‡∏≤‡∏¢‡∏£‡∏ß‡∏°‡∏Å‡∏ß‡πà‡∏≤ 37 ‡∏•‡πâ‡∏≤‡∏ô‡πÄ‡∏¢‡∏ô ‡πÅ‡∏•‡∏∞‡πÉ‡∏ô ‡∏à.‡πÇ‡∏Ñ‡∏à‡∏¥ ‡πÄ‡∏™‡∏µ‡∏¢‡∏´‡∏≤‡∏¢‡∏ñ‡∏∂‡∏á 12 ‡∏•‡πâ‡∏≤‡∏ô‡πÄ‡∏¢‡∏ô ‚†Ä ‡∏ô‡∏≤‡∏¢‡πÇ‡∏≠‡∏Æ‡∏≤‡∏£‡∏∞ ‡πÇ‡∏¢‡∏ó‡∏≤‡∏Å‡∏∞ ‡πÄ‡∏à‡πâ‡∏≤‡∏Ç‡∏≠‡∏á‡∏£‡πâ‡∏≤‡∏ô‡∏à‡∏≥‡∏ô‡∏≥‡πÉ‡∏ô‡πÄ‡∏°‡∏∑‡∏≠‡∏á‡πÇ‡∏Ñ‡∏à‡∏¥ ‡∏ó‡∏µ‡πà‡∏°‡∏µ‡∏õ‡∏£‡∏∞‡∏™‡∏ö‡∏Å‡∏≤‡∏£‡∏ì‡πå‡∏ï‡∏£‡∏ß‡∏à‡∏™‡∏≠‡∏ö‡∏ô‡∏≤‡∏¨‡∏¥‡∏Å‡∏≤‡∏°‡∏≤‡∏ô‡∏≤‡∏ô 40 ‡∏õ‡∏µ ‡∏û‡∏ö‡∏Ñ‡∏ß‡∏≤‡∏°‡πÅ‡∏ï‡∏Å‡∏ï‡πà‡∏≤‡∏á 3 ‡∏à‡∏∏‡∏î‡∏™‡∏≥‡∏Ñ‡∏±‡∏ç‡∏î‡∏±‡∏á‡∏ô‡∏µ‡πâ : ‚†Ä 1Ô∏è‚É£ ‡∏ß‡∏±‡∏ô‡∏ó‡∏µ‡πà‡∏ö‡∏ô‡∏´‡∏ô‡πâ‡∏≤‡∏õ‡∏±‡∏î‡∏°‡∏µ‡∏£‡∏"
comment,2025-03-13,=€< >!0<¢Û I2--+8IÆ =Å<π Fri 14 Mar 2025 =0>! < =€ - Pantip,81J%D10B%
comment,2025-03-13,=€< >!0<¢Û I2--+8IÆ =Å<π Fri 14 Mar 2025 =0>! < =€ - Pantip,
comment,2025-03-13,=€< >!0<¢Û I2--+8IÆ =Å<π Fri 14 Mar 2025 =0>! < =€ - Pantip,"[Spoil] ‡∏Ñ‡∏•‡∏¥‡∏Å‡πÄ‡∏û‡∏∑‡πà‡∏≠‡∏î‡∏π‡∏Ç‡πâ‡∏≠‡∏Ñ‡∏ß‡∏≤‡∏°‡∏ó‡∏µ‡πà‡∏ã‡πà‡∏≠‡∏ô‡πÑ‡∏ß‡πâ UPDATE: ‡∏ó‡∏≠‡∏á‡∏Ñ‡∏≥‡∏ü‡∏∑‡πâ‡∏ô‡∏Å‡∏•‡∏±‡∏ö‡∏°‡∏≤‡∏à‡πà‡∏≠‡∏ó‡∏≥‡∏™‡∏ñ‡∏¥‡∏ï‡∏¥‡πÉ‡∏´‡∏°‡πà‡∏≠‡∏µ‡∏Å‡∏Ñ‡∏£‡∏±‡πâ‡∏á Macquarie ‡∏Ñ‡∏≤‡∏î ‡πÄ‡∏´‡πá‡∏ô‡∏£‡∏≤‡∏Ñ‡∏≤ 3,500 ‡∏î‡∏≠‡∏•‡∏•‡∏≤‡∏£‡πå‡πÉ‡∏ô‡πÑ‡∏ï‡∏£‡∏°‡∏≤‡∏™ 3 ‡∏õ‡∏µ‡∏ô‡∏µ‡πâ . Macquarie Group ‡∏Ñ‡∏≤‡∏î‡∏Å‡∏≤‡∏£‡∏ì‡πå‡∏ß‡πà‡∏≤‡∏£‡∏≤‡∏Ñ‡∏≤‡∏ó‡∏≠‡∏á‡∏Ñ‡∏≥‡∏≠‡∏≤‡∏à‡∏û‡∏∏‡πà‡∏á‡πÅ‡∏ï‡∏∞‡∏£‡∏∞‡∏î‡∏±‡∏ö‡∏™‡∏π‡∏á‡∏™‡∏∏‡∏î‡πÄ‡∏õ‡πá‡∏ô‡∏õ‡∏£‡∏∞‡∏ß‡∏±‡∏ï‡∏¥‡∏Å‡∏≤‡∏£‡∏ì‡πå‡∏ó‡∏µ‡πà 3,500 ‡∏î‡∏≠‡∏•‡∏•‡∏≤‡∏£‡πå‡∏ï‡πà‡∏≠‡∏≠‡∏≠‡∏ô‡∏ã‡πå‡πÉ‡∏ô‡∏ä‡πà‡∏ß‡∏á‡πÑ‡∏ï‡∏£‡∏°‡∏≤‡∏™‡∏ó‡∏µ‡πà 3 ‡∏Ç‡∏≠‡∏á‡∏õ‡∏µ‡∏ô‡∏µ‡πâ ‡πÇ‡∏î‡∏¢‡∏õ‡∏£‡∏∞‡πÄ‡∏°‡∏¥‡∏ô‡∏ß‡πà‡∏≤‡∏£‡∏≤‡∏Ñ‡∏≤‡∏ó‡∏≠‡∏á‡πÄ‡∏â‡∏•‡∏µ‡πà‡∏¢‡πÉ‡∏ô‡∏ä‡πà‡∏ß‡∏á‡πÄ‡∏ß‡∏•‡∏≤‡∏î‡∏±‡∏á‡∏Å‡∏•‡πà‡∏≤‡∏ß‡∏à‡∏∞‡∏≠‡∏¢‡∏π‡πà‡∏ó‡∏µ‡πà 3,150 ‡∏î‡∏≠‡∏•‡∏•‡∏≤‡∏£‡πå‡∏ï‡πà‡∏≠‡∏≠‡∏≠‡∏ô‡∏ã‡πå . ‡∏•‡πà‡∏≤‡∏™‡∏∏‡∏î‡∏£‡∏≤‡∏Ñ‡∏≤‡∏ó‡∏≠‡∏á‡∏Ñ‡∏≥‡∏ü‡∏∑‡πâ‡∏ô‡∏ï‡∏±‡∏ß‡∏Å‡∏•‡∏±‡∏ö‡∏°‡∏≤‡πÉ‡∏Å‡∏•‡πâ‡∏à‡∏∏‡∏î‡∏™‡∏π‡∏á‡∏™‡∏∏‡∏î‡πÄ‡∏î‡∏¥‡∏°‡∏ó‡∏µ‡πà‡∏õ‡∏£‡∏∞‡∏°‡∏≤6I-#22-3605I #'!6A'BI!26IC-2 @G%!22'2!I-2#%8C*4#1"L5HD!H!5'2!@*5H"I2@#4+#7-9H*1221I1%8A%0*212#@4 2#1 1'4@#20+L- Macquarie #08 . -25I"1!5
H-'H2C+I-8 ETF -3*2!2#@4H!2#7-#-DI-5 0@5"'1-8*LC%2#4 1I@#7H-#01 -AH @+#5"- A%0 2@BB%"5 "1AGA#HA!I#220-"9HC#01*9 . H-+I25I Goldman Sachs DI#1@4H!@I2+!2"#22-3
H'*4I5@G 3,100 -%%2#LH---L 05H Citigroup 2'H2#2208HA0 3,000 -%%2#LH---L 2"C 3 @7-I2+I2 .  2: Christopher Furlong / Getty Images . -I2-4: https://www.bloomberg.com/news/articles/2025-03-13/gold-may-rise-as-high-as-3-500-in-third-quarter-macquarie-says?srnd=homepage-asia&sref=CVqPBMVg . #TheStandardWealth"
comment,2025-03-13,=€< >!0<¢Û I2--+8IÆ =Å<π Fri 14 Mar 2025 =0>! < =€ - Pantip,5H+I20#-D+!0
comment,2025-03-13,=€< >!0<¢Û I2--+8IÆ =Å<π Fri 14 Mar 2025 =0>! < =€ - Pantip,
comment,2025-03-13,=€< >!0<¢Û I2--+8IÆ =Å<π Fri 14 Mar 2025 =0>! < =€ - Pantip,I-#1A@!7-- 0DI*36
comment,2025-03-13,=€< >!0<¢Û I2--+8IÆ =Å<π Fri 14 Mar 2025 =0>! < =€ - Pantip,-@GFCH10D5#11AA5I@%" D@#5"4@()GI2G'AGLH-"5 0@#5"H-
H2%I'" @*5"2"B+I2!D'I #4
comment,2025-03-13,=€< >!0<¢Û I2--+8IÆ =Å<π Fri 14 Mar 2025 =0>! < =€ - Pantip,D!H1IA D@%H D!HDH@4 @- @ DB%H2††2C+H
comment,2025-03-13,=€< >!0<¢Û I2--+8IÆ =Å<π Fri 14 Mar 2025 =0>! < =€ - Pantip,-+I2'F0 1HA!0D#1I2 1F-"9H @2@-2!7-!2*042 2!'H2-"2DI7D+! %9@%5I"G!50 **1"-1I-! +I2B+F .H2
comment,2025-03-13,=€< >!0<¢Û I2--+8IÆ =Å<π Fri 14 Mar 2025 =0>! < =€ - Pantip, 1A'JA# #5-D -0D#0 %9@%5I" 5H0+2-0D#C+I@5H"
comment,2025-03-13,=€< >!0<¢Û I2--+8IÆ =Å<π Fri 14 Mar 2025 =0>! < =€ - Pantip,@-2!2"8+8ID"5I@-D!HH22-8**.††A%0-7HF†† #0"0"2'!5*44L@4D!H-H2" H20D%8C. I2
comment,2025-03-13,=€< >!0<¢Û I2--+8IÆ =Å<π Fri 14 Mar 2025 =0>! < =€ - Pantip,'#I29I1-!7--2
5
7H-#0	H-0 0
comment,2025-03-13,=€< >!0<¢Û I2--+8IÆ =Å<π Fri 14 Mar 2025 =0>! < =€ - Pantip,
comment,2025-03-13,=€< >!0<¢Û I2--+8IÆ =Å<π Fri 14 Mar 2025 =0>! < =€ - Pantip,"B#%1H%3'2,I3!1#H',%4H*4HD!H'4H,#1@+!2--*1+2-B#2%A"H,%8H!@#7-A%H	4' !2A%I'0 -4I2+2!2@%H2 *#8 SET #03'15H 13!5..2568 1.SET Index††4%25H 1,159.648-0.42(-0.04%) 2.!5!9%H27I-2"#'!1I*4I 32,461.80%I22 AH@G*21(-363.66%I22),1
5%.(-190.57%I22),H2#0@( (-928.59%I22)C#0@((+1,482.81%I22) [Spoil] %4@7H-9I-'2!5HH-D'I 3.+%1#1"L5H!5!9%H27I-2"*9*8 DIAH CPALL 49.25 -1.50 -2.96% 1,837,745,426.00 DELTA 70.00 +1.00 +1.45% 1,412,059,819.00 KBANK 149.50 -1.50 -0.99% 1,409,746,218.00 BBL 146.50 0.00 0.00% 1,346,987,468.50 PTT 27.25 0.00 0.00% 1,119,265,883.25 4. SET 100 ...††5 -11'!2*8 SISB 19.10 +0.80 +4.37% CCET 6.20 +0.25 +4.20% CBG 61.50 +2.25 +3.80% PRM 6.80 +0.20 +3.03% BCPG 5.90 +0.15 +2.61% 5.SET 100††5 -11%!2*8 CK <XD> 14.30 -0.70 -4.67% EGCO <XD>94.75 -3.75 -3.81% ICHI 12.00 -0.40 -3.23% EA 2.42 -0.08 -3.20% BLA 19.10 -0.60 -3.05% AL KBANK 149.50 -1.50 -0.99% KTB 23.10 +0.10 +0.43% LHFG 0.77 -0.01 -1.28% TCAP 48.50 +0.25 +0.52% TISCO 98.25 +0.50 +0.51% TTB 1.90 -0.01 -0.52% ‡∏•‡∏¥‡πà‡∏™‡∏ã‡∏¥‡πà‡∏á AEONTS 102.00 -1.50 -1.45% BAM 6.15 -0.15 -2.38% JMT 13.40 -0.40 -2.90% KTC 46.75 +0.25 +0.54% MTC 43.75 -0.25 -0.57% SAK 4.04 +0.04 +1.00% SAWAD 30.00 -0.75 -2.44% SGC 0.94 -0.03 -3.09% THANI 1.71 +0.14 +8.92% TK 3.50 -0.06 -1.69% ‡πÇ‡∏£‡∏á‡πÑ‡∏ü‡∏ü‡πâ‡∏≤ BCPG 5.90 +0.15 +2.61% BGRIM <XD>11.60 -0.30 -2.52% BPP 7.00 +0.10 +1.45% EA 2.42 -0.08 -3.20% EGCO <XD>94.75 -3.75 -3.81% GPSC 30.25 +0.25 +0.83% GULF 47.25 +0.75 +1.61% GUNKUL 1.65 +0.01 +0.61% ‡πÇ‡∏£‡∏á‡∏Å‡∏•‡∏±‡πà‡∏ô PTTGC 17.50 -0.40 -2.23% SPRC 5.05 -0.10 -1.94% TOP 24.70 -0.30 -1.20% BSRC 5.35 +0.20 +3.88% IRPC 0.93 +0.01 +1.09% ‡∏ô‡∏≥‡∏°‡∏±‡∏ô OR 10.40 -0.10 -0.95% PTG 6.70 -0.15 -2.19% SUSCO <XD>2.90 -0.12 -3.97% ‡∏≠‡∏™‡∏±‡∏á‡∏´‡∏≤‡∏£‡∏¥‡∏°‡∏ó‡∏£‡∏±‡∏û‡∏¢‡πå ANAN 0.72 +0.11 +18.03% AP 8.65 -0.15 -1.70% LH 4.24 -0.04 -0.93% ORI 2.44 -0.08 -3.17% QH 1.54 +0.01 +0.65% SC 2.50 -0.02 -0.79% SENA 2.12 +0.02 +0.95% SIRI 1.66 -0.03 -1.78% SPALI 16.40 -0.30 -1.80% ‡∏£‡∏±‡∏ö‡πÄ24 -0.08 -2.94% SYNTEC 1.61 -0.05 -3.01% TEKA 1.95 -0.05 -2.50% TPOLY 0.42 -0.01 -2.33% ‡∏Ñ‡πâ‡∏≤‡∏õ‡∏•‡∏µ‡∏Å BJC 20.50 -0.30 -1.44% COM7 19.40 -0.40 -2.02% CPALL 49.25 -1.50 -2.96% CPAXT 27.50 +0.75 +2.80% CRC 27.50 -0.25 -0.90% DOHOME 6.55 +0.05 +0.77% GLOBAL 6.85 -0.10 -1.44% ‡πÇ‡∏£‡∏á‡∏ö‡∏≤‡∏• BCH 15.60 -0.30 -1.89% BDMS <XD>23.60 -0.10 -0.42% BH 173.00 -1.50 -0.86% KDH 90.00 -2.00 -2.17% LPH 3.90 -0.08 -2.01% PR9 20.70 -0.20 -0.96% THG 9.25 -0.20 -2.12% VIBHA 1.60 -0.02 -1.23% ‡∏ó‡πà‡∏≠‡∏á‡πÄ‡∏ó‡∏µ‡πà‡∏¢‡∏ß‡πÅ‡∏•‡∏∞‡∏™‡∏±‡∏ô‡∏ó‡∏ô‡∏≤‡∏Å‡∏≤‡∏£ BEYOND 7.00 +0.05 +0.72% CENTEL 33.50 +0.75 +2.29% ERW 3.18 +0.02 +0.63% MINT 28.00 +0.50 +1.82% ‡∏Ç‡∏ô‡∏™‡πà‡∏á‡πÅ‡∏•‡∏∞‡πÇ‡∏•‡∏à‡∏¥‡∏™‡∏ï‡∏¥‡∏Å‡∏™‡πå AAV 1.94 -0.01 -0.51% AOT 39.25 -0.50 -1.26% BEM 5.45 -0.05 -0.91% BTS 5.50 -0.15 -2.65% PORT 0.98 +0.01 +1.03% PRM 6.80 +0.20 +3.03% PSL 6.50 +0.20 +3.17% RCL <XD>23.50 +0.40 +1.73% TTA 4.50 +0.06 +1.35% ‡∏ä‡∏¥‡πâ‡∏ô‡∏™‡πà‡∏ß‡∏ô‡∏≠‡∏¥‡πÄ‡∏•‡πá‡∏Å‡∏ó‡∏£‡∏≠‡∏ô‡∏¥‡∏Å‡∏™‡πå CCET 6.20 +0.25 +4.20% DELTA 70.00 +1.00 +1.45%54%"
comment,2025-03-13,=€< >!0<¢Û I2--+8IÆ =Å<π Fri 14 Mar 2025 =0>! < =€ - Pantip,
comment,2025-03-13,=€< >!0<¢Û I2--+8IÆ =Å<π Fri 14 Mar 2025 =0>! < =€ - Pantip,"2 2"-1	#4"0 *9H (1%"A"L-1	#4"0 C Hyper Knife @#5"!1 1-64 C2C+!H5H@I!IA%0%6%1'H2@4!! +%1225!7-C Extraordinary Attorney Woo #1I5I@-%1!2#I-!2 Seok (1%"A"L#0#0*2-1	#4"05HI-%2"@G Shadow Doctor A+HB%CI4C5#5*L2#A"L#06'1 Hyper Knife 5H02834H*9H2#A"L*2"4 2#L A%0@G!DI'"'2!%8I#06 ""@!7H--1	#4"09%1*9H-5I2-'2#A"L"" Seok ‡πÄ‡∏Ñ‡∏¢‡πÄ‡∏õ‡πá‡∏ô‡∏®‡∏±‡∏•‡∏¢‡πÅ‡∏û‡∏ó‡∏¢‡πå‡∏ù‡∏µ‡∏°‡∏∑‡∏≠‡∏£‡∏∞‡∏î‡∏±‡∏ö‡∏™‡∏∏‡∏î‡∏¢‡∏≠‡∏î ‡πÅ‡∏ï‡πà‡∏ä‡∏µ‡∏ß‡∏¥‡∏ï‡∏Å‡∏•‡∏±‡∏ö‡∏û‡∏±‡∏á‡∏ó‡∏•‡∏≤‡∏¢‡πÄ‡∏°‡∏∑‡πà‡∏≠‡∏ñ‡∏π‡∏Å‡∏Ç‡∏±‡∏ö‡πÑ‡∏•‡πà‡∏≠‡∏≠‡∏Å‡∏à‡∏≤‡∏Å‡∏ß‡∏á‡∏Å‡∏≤‡∏£‡πÅ‡∏•‡∏∞‡∏ñ‡∏π‡∏Å‡∏ñ‡∏≠‡∏î‡πÉ‡∏ö‡∏≠‡∏ô‡∏∏‡∏ç‡∏≤‡∏ï ‡πÄ‡∏û‡∏£‡∏≤‡∏∞‡∏Ñ‡∏ß‡∏≤‡∏°‡∏Ç‡∏±‡∏î‡πÅ‡∏¢‡πâ‡∏á‡∏Å‡∏±‡∏ö Dokhee (‡∏ã‡∏≠‡∏•‡∏Ñ‡∏¢‡∏≠‡∏á‡∏Å‡∏π) ‡∏≠‡∏î‡∏µ‡∏ï‡∏≠‡∏≤‡∏à‡∏≤‡∏£"
comment,2025-03-13,=€< >!0<¢Û I2--+8IÆ =Å<π Fri 14 Mar 2025 =0>! < =€ - Pantip,
comment,2025-03-13,=€< >!0<¢Û I2--+8IÆ =Å<π Fri 14 Mar 2025 =0>! < =€ - Pantip,A#LF††1D@%"
comment,2025-03-13,=€< >!0<¢Û I2--+8IÆ =Å<π Fri 14 Mar 2025 =0>! < =€ - Pantip,
comment,2025-03-13,=€< >!0<¢Û I2--+8IÆ =Å<π Fri 14 Mar 2025 =0>! < =€ - Pantip,5H F F @2- -24"L+I2 -22(0%1!2+2'+#-††I2#4GA##'*8 F @-0 AIDI-'2!@!7H- 9 
1H'B!5HA%I'
comment,2025-03-13,=€< >!0<¢Û I2--+8IÆ =Å<π Fri 14 Mar 2025 =0>! < =€ - Pantip,D#!-A%L 8H!+!7H%I2 8B#A#!-'4%%H2+#9  9@G +%1%0 500-700 %I2 #!4
--D%L
comment,2025-03-13,=€< >!0<¢Û I2--+8IÆ =Å<π Fri 14 Mar 2025 =0>! < =€ - Pantip,
comment,2025-03-13,=€< >!0<¢Û I2--+8IÆ =Å<π Fri 14 Mar 2025 =0>! < =€ - Pantip,"(9"L'41"-3 @"1
5-3!5.. 68 @4H!A0 74.48 8 #1'2!I-2#7I-I-1'2!@*5H"2B"2"(.#1!L 2#- 2,783- 2,983 -%%2#L 2-D" 45,900-47,900 2 . -H2@4H!@4! : https://moneyandbanking.co.th/2025/160732/"
comment,2025-03-13,=€< >!0<¢Û I2--+8IÆ =Å<π Fri 14 Mar 2025 =0>! < =€ - Pantip,
comment,2025-03-13,=€< >!0<¢Û I2--+8IÆ =Å<π Fri 14 Mar 2025 =0>! < =€ - Pantip,[Spoil] ‡∏Ñ‡∏•‡∏¥‡∏Å‡πÄ‡∏û‡∏∑‡πà‡∏≠‡∏î‡∏π‡∏Ç‡πâ‡∏≠‡∏Ñ‡∏ß‡∏≤‡∏°‡∏ó‡∏µ‡πà‡∏ã‡πà‡∏≠‡∏ô‡πÑ‡∏ß‡πâ ‡∏ó‡∏∏‡∏ô‡∏à‡∏µ‡∏ô‡∏õ‡∏£‡∏±‡∏ö‡πÄ‡∏Å‡∏°‡πÉ‡∏´‡∏°‡πà! ‡πÉ‡∏ä‡πâ‡∏™‡∏¥‡∏á‡∏Ñ‡πÇ‡∏õ‡∏£‡πå‡πÄ‡∏õ‡πá‡∏ô‡∏ê‡∏≤‡∏ô‡∏Å‡πà‡∏≠‡∏ô‡∏•‡∏á‡∏ó‡∏∏‡∏ô‡πÉ‡∏ô‡πÑ‡∏ó‡∏¢ ‡∏´‡∏ß‡∏±‡∏á‡πÄ‡∏•‡∏µ‡πà‡∏¢‡∏á‡∏†‡∏≤‡∏©‡∏µ‡∏™‡∏´‡∏£‡∏±‡∏ê . ‡∏´‡∏£‡∏∑‡∏≠‡πÑ‡∏ó‡∏¢‡∏à‡∏∞‡∏ï‡πâ‡∏≠‡∏á‡∏£‡∏±‡∏ö‡πÄ‡∏ú‡∏∑‡∏≠‡∏Å‡∏£‡πâ‡∏≠‡∏ô? ‡∏´‡∏•‡∏±‡∏á‡∏à‡∏≤‡∏Å‡∏°‡∏≤‡∏ï‡∏£‡∏Å‡∏≤‡∏£‡∏†‡∏≤‡∏©‡∏µ ‡∏¢‡∏∏‡∏Ñ ‚Äú‡∏ó‡∏£‡∏±‡∏°‡∏õ‡πå2.0‚Äù ‡∏ï‡∏≠‡∏ö‡πÇ‡∏ï‡πâ‡∏à‡∏µ‡∏ô‡πÄ‡∏ï‡πá‡∏°‡∏Å‡∏≥‡∏•‡∏±‡∏á ‡∏£‡∏ß‡∏°‡∏ñ‡∏∂‡∏á‡πÄ‡∏î‡∏¥‡∏ô‡∏´‡∏°‡∏≤‡∏Å‡πÄ‡∏Ç‡πâ‡∏°‡∏ï‡∏£‡∏ß‡∏à‡∏™‡∏≠‡∏ö‡∏ö‡∏£‡∏¥‡∏©‡∏±‡∏ó‡∏ó‡∏µ‡πà‡∏™‡πà‡∏á‡∏≠‡∏≠‡∏Å‡πÑ‡∏õ‡∏™‡∏´‡∏£‡∏±‡∏ê‡∏ß‡πà‡∏≤ ‡πÄ‡∏õ‡πá‡∏ô‡∏Å‡∏≤‡∏£ #‡∏¢‡πâ‡∏≤‡∏¢‡∏ê‡∏≤‡∏ô‡∏Å‡∏≤‡∏£‡∏•‡∏á‡∏ó‡∏∏‡∏ô‡∏à‡∏≤‡∏Å‡∏à‡∏µ‡∏ô ‡∏´‡∏£‡∏∑‡∏≠‡πÑ‡∏°‡πà? . ‡∏•‡πà‡∏≤‡∏™‡∏∏‡∏î ‡∏û‡∏ö‡∏ß‡πà‡∏≤ ‡∏ò‡∏∏‡∏£‡∏Å‡∏¥‡∏à‡∏à‡∏µ‡∏ô‡πÑ‡∏î‡πâ‡∏õ‡∏£‡∏±‡∏ö‡πÄ‡∏Å‡∏°‡∏£‡∏±‡∏ö‡∏°‡∏∑‡∏≠‡∏´‡∏°‡∏≤‡∏Å‡∏ï‡∏≤‡πÉ‡∏´‡∏°‡πà‡∏Ç‡∏≠‡∏á‡∏™‡∏´‡∏£‡∏±‡∏ê‡∏ô‡∏µ‡πâ ‡∏î‡πâ‡∏ß‡∏¢‡∏Å‡∏≤‡∏£‡∏´‡∏±‡∏ô‡πÑ‡∏õ #‡∏à‡∏î‡∏ó‡∏∞‡πÄ‡∏ö‡∏µG!5H22#H2"-@BB%"5+#7-D!H . . -H2H-DI5H5H: https://www.bangkokbiznews.com/business/economic/1169309?anm= . #24: 4# 42L 4)2 . ##8@8#4 #InsightForOpportunities ##8@8#4Economic ##8@8#4Business ##8@8#4Info #85@"H2D"
comment,2025-03-13,=€< >!0<¢Û I2--+8IÆ =Å<π Fri 14 Mar 2025 =0>! < =€ - Pantip,%2
4I@-- IU C K-Dramaa #IU #LeeJiEun #kdrama
comment,2025-03-13,=€< >!0<¢Û I2--+8IÆ =Å<π Fri 14 Mar 2025 =0>! < =€ - Pantip,@"9@#7H-5H@-A*@G5 @4B#A#! hotel del luna†††H2*C!2 @+G'H20!5 2 2††D!H!2*15 AIDI-'2!@!7H- 9 
1H'B!5HA%I'
comment,2025-03-13,=€< >!0<¢Û I2--+8IÆ =Å<π Fri 14 Mar 2025 =0>! < =€ - Pantip,ATTA ‡πÄ‡∏ú‡∏¢ ‡πÑ‡∏ó‡∏¢‡∏´‡∏°‡∏î‡∏¢‡∏∏‡∏Ñ‡∏ô‡∏±‡∏Å‡∏ó‡πà‡∏≠‡∏á‡πÄ‡∏ó‡∏µ‡πà‡∏¢‡∏ß‡∏à‡∏µ‡∏ô 10 ‡∏•‡πâ‡∏≤‡∏ô‡∏Ñ‡∏ô 2 ‡πÄ‡∏î‡∏∑‡∏≠‡
comment,2025-03-13,=€< >!0<¢Û I2--+8IÆ =Å<π Fri 14 Mar 2025 =0>! < =€ - Pantip,
comment,2025-03-13,=€< >!0<¢Û I2--+8IÆ =Å<π Fri 14 Mar 2025 =0>! < =€ - Pantip,[Spoil] ‡∏Ñ‡∏•‡∏¥‡∏Å‡πÄ‡∏û‡∏∑‡πà‡∏≠‡∏î‡∏π‡∏Ç‡πâ‡∏≠‡∏Ñ‡∏ß‡∏≤‡∏°‡∏ó‡∏µ‡πà‡∏ã‡πà‡∏≠‡∏ô‡πÑ‡∏ß‡πâ ‚Äò‡∏™‡∏ñ‡∏≤‡∏ô‡∏µ‡∏≠‡∏ß‡∏Å‡∏≤‡∏®‚Äô ‡∏™‡∏∞‡∏≠‡∏≤‡∏î‡πÄ‡∏Å‡∏¥‡∏ô‡πÑ‡∏õ ‚Äò‡∏ô‡∏±‡∏Å‡∏ö‡∏¥‡∏ô‡∏≠‡∏ß‡∏Å‡∏≤‡∏®‚Äô ‡πÄ‡∏õ‡πá‡∏ô‡πÇ‡∏£‡∏Ñ‡∏ú‡∏¥‡∏ß‡∏´‡∏ô‡∏±‡∏á ‡πÄ‡∏û‡∏£‡∏≤‡∏∞‡∏Ç‡∏≤‡∏î ‚Äò‡∏à‡∏∏‡∏•‡∏¥‡∏ô‡∏ó‡∏£‡∏µ‡∏¢‡πå‚Äô . ‡∏ö‡∏≤‡∏á‡∏ó‡∏µ ‚Äú‡∏Ñ‡∏ß‡∏≤‡∏°‡∏™‡∏∞‡∏≠‡∏≤‡∏î‚Äù ‡∏Å‡πá‡∏≠‡∏≤‡∏à‡πÑ‡∏°‡πà‡πÉ‡∏ä‡πà‡πÄ‡∏£‡∏∑‡πà‡∏≠‡∏á‡∏ó‡∏µ‡πà‡∏î‡∏µ‡πÄ‡∏™‡∏°‡∏≠‡πÑ‡∏õ ‡πÇ‡∏î‡∏¢‡πÄ‡∏â‡∏û‡∏≤‡∏∞‡∏´‡∏≤‡∏Å‡∏™‡∏ñ‡∏≤‡∏ô‡∏ó‡∏µ‡πà‡∏ô‡∏±‡πâ‡∏ô ‚Äú‡∏™‡∏∞‡∏≠‡∏≤‡∏î‡∏°‡∏≤‡∏Å‡πÄ‡∏Å‡∏¥‡∏ô‡πÑ‡∏õ‚Äù ‡∏≠‡∏¢‡πà‡∏≤‡∏á‡πÄ‡∏ä‡πà‡∏ô‡∏ö‡∏ô‡∏™‡∏ñ‡∏≤‡∏ô‡∏µ‡∏≠‡∏ß‡∏Å‡∏≤‡∏®‡∏ô‡∏≤‡∏ô‡∏≤‡∏ä‡∏≤‡∏ï‡∏¥ ‡∏™‡πà‡∏á‡∏ú‡∏•‡∏Å‡∏£‡∏∞‡∏ó‡∏ö‡∏Å‡∏±‡∏ö‡∏™‡∏∏‡∏Ç‡∏†‡∏≤‡∏û‡∏ô‡∏±‡∏Å‡∏ö‡∏¥‡∏ô‡∏≠‡∏ß‡∏Å‡∏≤‡∏® ‡∏ï‡∏≤‡∏°‡∏Å‡∏≤‡∏£‡∏®‡∏∂‡∏Å‡∏©‡∏≤‡∏ß‡∏¥‡∏à‡∏±‡∏¢‡πÉ‡∏´‡∏°‡πà‡∏Ç‡∏≠‡∏á‡∏ô‡∏≤‡∏ã‡πà‡∏≤ . ‡πÄ‡∏°‡∏∑‡πà‡∏≠‡πÑ‡∏õ‡∏≠‡∏¢‡∏π‡πà‡∏ô‡∏≠‡∏Å‡πÇ‡∏•‡∏Å‡∏ó‡∏µ‡πà‡∏°‡∏µ‡∏™‡∏†‡∏≤‡∏û‡πÅ‡∏ß‡∏î‡∏•‡πâ‡∏≠‡∏°‡πÅ‡∏ï‡∏Å‡∏ï‡πà‡∏≤‡∏á‡∏à‡∏≤‡∏Å‡πÇ‡∏•‡∏Å‡∏≠‡∏¢‡πà‡∏≤‡∏á‡∏™‡∏¥‡πâ‡∏ô‡πÄ‡∏ä‡∏¥‡∏á ‡πÄ‡∏õ‡πá‡∏ô‡πÄ‡∏ß2!58%4#5"LCI2 . 1'-"H2@+%H25I9*H%1!2"1B%A%032#(6)2 6H'H2*4H!5
5'4*H'C+H!224'+1-!8)"L B"A5@#5"5HDI!25H*8 7- A5@#5"*8% Staphylococcus 5H-2(1"-"9H2!4'+1A%0*2#@!7--!8)"L 6H*H'C+HD!H@G-1#2" . 7I5H5H8%4#5"L*25-'2(22
24 *H'C+H0@G7I5HC
I@#5"!+#7-#4B -2+2# A%0@
7I-5H0!5'2!+%2+%2"!2'H2 #'!1I!58%4#5"L-"9H#- F +I-*82I'" . I'"2#3'2!*0-2-"H2*!H3@*!- A%0D!H!5B-2*5H*4H!5
5'4+I2C+!H0@I2!2DI 6D!HH2A%C5H#04@'(C*25-'2(22
240!5%1)0%I2"1B#"22% 6H!5'2!+%2+%2"I-"'H2* 2A'%I-!@7-1I+!B% . *3+#1'45AI1+23DIH2"'H2!2 1H7- 3C+I*25-'2(22
24*#"4H6I AHI--"9H 2"CI2#'8!-1'4"2(2*#L B"8%4#5"L5H0@I2!2C* 2A'%I-!5H%-@
7I-5I0I-91@%7-!2-"H25 D!HAH'H2C-2 "2-'2(-2!5 B*5@5"' +#7-15H!5
5'46H##88%4#5"L5H!5#0B"
L-"9HG@GDI . . . ##8@8#4 #InsightforOpportunities ##8@8#4Sustain
comment,2025-03-13,=€< >!0<¢Û I2--+8IÆ =Å<π Fri 14 Mar 2025 =0>! < =€ - Pantip,
comment,2025-03-13,=€< >!0<¢Û I2--+8IÆ =Å<π Fri 14 Mar 2025 =0>! < =€ - Pantip,"[Spoil] ‡∏Ñ‡∏•‡∏¥‡∏Å‡πÄ‡∏û‡∏∑‡πà‡∏≠‡∏î‡∏π‡∏Ç‡πâ‡∏≠‡∏Ñ‡∏ß‡∏≤‡∏°‡∏ó‡∏µ‡πà‡∏ã‡πà‡∏≠‡∏ô‡πÑ‡∏ß‡πâ ‡∏ß‡∏±‡∏¢‡∏ó‡∏≥‡∏á‡∏≤‡∏ô‡πÄ‡∏Å‡∏≤‡∏´‡∏•‡∏µ‡πÉ‡∏ï‡πâ ‡∏ï‡∏Å‡∏á‡∏≤‡∏ô! ‡πÅ‡∏°‡πâ‡πÄ‡∏£‡∏µ‡∏¢‡∏ô‡∏à‡∏ö‡∏™‡∏π‡∏á ‡∏õ.‡πÄ‡∏≠‡∏Å ‡πÇ‡∏î‡∏¢‡πÄ‡∏â‡∏û‡∏≤‡∏∞‡∏™‡∏≤‡∏Ç‡∏≤‡∏®‡∏¥‡∏•‡∏õ‡∏∞-‡∏°‡∏ô‡∏∏‡∏©‡∏¢‡∏®‡∏≤‡∏™‡∏ï‡∏£‡πå‡∏¢‡∏±‡∏á‡∏ß‡πà‡∏≤‡∏á‡∏á‡∏≤‡∏ô 40% . ‡πÄ‡∏î‡πá‡∏Å‡∏à‡∏ö‡πÉ‡∏´‡∏°‡πà‡πÉ‡∏ô‡πÄ‡∏Å‡∏≤‡∏´‡∏•‡∏µ‡πÉ‡∏ï‡πâ‡πÄ‡∏ú‡∏ä‡∏¥‡∏ç‡∏õ‡∏±‡∏ç‡∏´‡∏≤‡∏ß‡πà‡∏≤‡∏á‡∏á‡∏≤‡∏ô‡∏™‡∏π‡∏á ‡πÅ‡∏°‡πâ‡πÄ‡∏£‡∏µ‡∏¢‡∏ô‡∏à‡∏ö‡∏°‡∏´‡∏≤‡∏ß‡∏¥‡∏ó‡∏¢‡∏≤‡∏•‡∏±‡∏¢‡πÉ‡∏ô‡∏£‡∏∞‡∏î‡∏±‡∏ö‡∏õ‡∏£‡∏¥‡∏ç‡∏ç‡∏≤‡πÄ‡∏≠‡∏Å ‡∏Å‡πá‡∏¢‡∏±‡∏á‡∏ï‡∏Å‡∏á‡∏≤‡∏ô! ‡πÇ‡∏î‡∏¢‡∏ú‡∏π‡πâ‡∏ó‡∏µ‡πà‡πÑ‡∏î‡πâ‡∏£‡∏±‡∏ö‡∏ú‡∏•‡∏Å‡∏£‡∏∞‡∏ó‡∏ö‡∏´‡∏ô‡∏±‡∏Å‡∏ó‡∏µ‡πà‡∏™‡∏∏‡∏î‡∏Ñ‡∏∑‡∏≠‡∏ô‡∏±‡∏Å‡∏ß‡∏¥‡∏ä‡∏≤‡∏Å‡∏≤‡∏£‡∏≠‡∏≤‡∏¢‡∏∏‡∏ï‡πà‡∏≥‡∏Å‡∏ß‡πà‡∏≤ 30 ‡∏õ‡∏µ (‡∏Å‡∏•‡∏∏‡πà‡∏°‡∏Ñ‡∏ô‡∏£‡∏∏‡πà‡∏ô‡πÉ‡∏´‡∏°‡πà) ‡πÇ‡∏î‡∏¢‡πÄ‡∏Å‡∏∑‡∏≠‡∏ö‡∏Ñ‡∏£‡∏∂‡πà‡∏á‡∏´‡∏ô‡∏∂‡πà‡∏á ‡∏Ç‡∏≠‡∏á‡∏ú‡∏π‡πâ‡∏à‡∏ö‡∏õ‡∏£‡∏¥‡∏ç‡∏ç‡∏≤‡πÄ‡∏≠‡∏Å‡πÉ‡∏ô‡∏Å‡∏•‡∏∏‡πà‡∏°‡∏ô‡∏µ‡πâ‡πÑ‡∏°‡πà‡∏™‡∏≤‡∏°‡∏≤‡∏£‡∏ñ‡∏´‡∏≤‡∏á‡∏≤‡∏ô‡∏ó‡∏≥‡πÑ‡∏îß#(6)2C*22*8 2A%0*'1*42# 2#(6)2 8#4 A%0+!2" !5B-2*DI25'H2-"H2!51"*31 . . . ##8@8#4 #InsightforOpportunities ##8@8#4Lifestyle ##8@8#4Worklife"
comment,2025-03-13,=€< >!0<¢Û I2--+8IÆ =Å<π Fri 14 Mar 2025 =0>! < =€ - Pantip,"81+4
2'@!5"!2 @4#I23+H2""2#1)2B# BK#6H! 2"C#I22"-
3@20*!8" +I2#I2@5" 2)2@!5"!2#-I-#1%9I2 *4I2%1%-3@I2!22@!5"!2 "6-%23' 60 #2"2# #'! 1,041 
4I AII-+2+1"
comment,2025-03-13,=€< >!0<¢Û I2--+8IÆ =Å<π Fri 14 Mar 2025 =0>! < =€ - Pantip,"[Spoil] ‡∏Ñ‡∏•‡∏¥‡∏Å‡πÄ‡∏û‡∏∑‡πà‡∏≠‡∏î‡∏π‡∏Ç‡πâ‡∏≠‡∏Ñ‡∏ß‡∏≤‡∏°‡∏ó‡∏µ‡πà‡∏ã‡πà‡∏≠‡∏ô‡πÑ‡∏ß‡πâ #‡∏≠‡∏≤‡∏ä‡∏ç‡∏≤‡∏Å‡∏£‡∏£‡∏° ‡∏à‡∏±‡∏ö 7 ‡∏û‡πà‡∏≠‡πÇ‡∏â‡∏î ‡∏ï‡∏±‡πâ‡∏á‡∏Å‡∏£‡∏∏‡πä‡∏õ‡πÅ‡∏ä‡∏£‡πå‡∏†‡∏≤‡∏û‡∏•‡πà‡∏ß‡∏á‡∏•‡∏∞‡πÄ‡∏°‡∏¥‡∏î‡∏ó‡∏≤‡∏á‡πÄ‡∏û‡∏®‡∏•‡∏π‡∏Å‡∏™‡∏≤‡∏ß‡πÅ‡∏ó‡πâ ‡πÜ // ‡πÄ‡∏à‡∏≠‡∏Ñ‡∏•‡∏¥‡∏õ‡∏≠‡∏ô‡∏≤‡∏à‡∏≤‡∏£‡πÄ‡∏î‡πá‡∏Å‡∏Å‡∏ß‡πà‡∏≤ 150,000 ‡∏Ñ‡∏•‡∏¥‡∏õ ‡∏ö‡∏≤‡∏á‡∏Ñ‡∏ô‡∏≠‡∏ß‡∏î‡∏Å‡∏£‡∏π‡∏°‡∏°‡∏¥‡πà‡∏á (‡πÄ‡∏ï‡∏£‡∏µ‡∏¢‡∏°‡∏Å‡∏≤‡∏£‡πÄ‡∏û‡∏∑‡πà‡∏≠‡∏Å‡∏≤‡∏£‡∏•‡πà‡∏ß‡∏á‡∏•‡∏∞‡πÄ‡∏°‡∏¥‡∏î) ‡∏•‡∏π‡∏Å‡∏™‡∏≤‡∏ß‡∏°‡∏≤‡∏ï‡∏±‡πâ‡∏á‡πÅ‡∏ï‡πà 3 ‡∏Ç‡∏ß‡∏ö üìå ‡πÉ‡∏ô‡∏Å‡∏£‡∏∏‡πä‡∏õ‡πÅ‡∏ä‡∏ó‡∏°‡∏µ‡∏™‡∏°‡∏≤‡∏ä‡∏¥‡∏Å‡∏õ‡∏£‡∏∞‡∏°‡∏≤‡∏ì 10 ‡∏Ñ‡∏ô ‡πÄ‡∏õ‡πá‡∏ô‡∏ú‡∏π‡πâ‡∏ä‡∏∑‡πà‡∏ô‡∏ä‡∏≠‡∏ö‡∏Å‡∏≤‡∏£‡∏°‡∏µ‡πÄ‡∏û‡∏®‡∏™‡∏±‡∏°‡∏û‡∏±‡∏ô‡∏ò‡πå‡πÉ‡∏ô‡∏´‡∏°‡∏π‡πà‡πÄ‡∏Ñ‡∏£‡∏∑‡∏≠‡∏ç‡∏≤‡∏ï‡∏¥ ‚Üí ‡πÅ‡∏ä‡∏£‡πå‡∏†‡∏≤‡∏û‡∏Ñ‡∏•‡∏¥‡∏õ‡∏≠‡∏ô‡∏≤‡∏à‡∏≤‡∏£‡πÄ‡∏î‡πá‡∏Å‡∏™‡∏≤‡∏ß‡πÅ‡∏•‡∏∞‡∏•‡∏π‡∏Å‡∏™‡∏≤‡∏ß‡∏≠‡∏¢‡πà‡∏≤‡∏á‡∏ô‡πâ‡∏≠‡∏¢ 100 ‡∏£‡∏≤‡∏¢‡∏Å‡∏≤‡∏£ üìå‡πÅ‡∏•‡∏∞‡πÉ‡∏ô‡∏ô‡∏±‡πâ‡∏ô‡∏°‡∏µ‡∏ä‡∏≤‡∏¢ 7 ‡∏Ñ‡∏ô ‡∏≠‡∏≤‡∏¢‡∏∏‡∏£‡∏∞‡∏´‡∏ß‡πà‡∏≤
I@4 5,000-10,000 @" ="@7H-D!HC+I-A!H #4J11H@%H2"
comment,2025-03-13,=€< >!0<¢Û I2--+8IÆ =Å<π Fri 14 Mar 2025 =0>! < =€ - Pantip,*4B#L A-#LD%L <¯<Ï #02( >´°= 1IAH'15H 1 @!)2" 2025 @GID9IB"*2#- *4B#L A-#LD%L†††0D!HDI#1-82C+I
2#L2'@'-#LALA2H2-#L USB @#7H-4+#7-C
I2'@'-#LAL@7H-
2#L-8#L*H'8%%-#0"0@'%22#4 [**+%1@4@+8+%2"#1I #'!DD+!IA-#L92 +%2"*2"2#4DI#02(+I2!]
comment,2025-03-13,=€< >!0<¢Û I2--+8IÆ =Å<π Fri 14 Mar 2025 =0>! < =€ - Pantip,[Spoil] ‡∏Ñ‡∏•‡∏¥‡∏Å‡πÄ‡∏û‡∏∑‡πà‡∏≠‡∏î‡∏π‡∏Ç‡πâ‡∏≠‡∏Ñ‡∏ß‡∏≤‡∏°‡∏ó‡∏µ‡πà‡∏ã‡πà‡∏≠‡∏ô‡πÑ‡∏ß‡πâ ‡∏Ñ‡∏•‡∏¥‡∏õ‡πÑ‡∏ß‡∏£‡∏±‡∏• ‡πÉ‡∏ô‡∏Å‡∏±‡∏°‡∏û‡∏π‡∏ä‡∏≤ üá∞üá≠ ‡∏ó‡∏≥‡πÑ‡∏°‡∏ó‡∏´‡∏≤‡∏£‡πÑ‡∏ó‡∏¢‡∏ï‡∏¥‡∏î‡∏Å‡∏•‡πâ‡∏≠‡∏á ....? ‡∏Ñ‡∏•‡∏¥‡∏õ‡πÑ‡∏ß‡∏£‡∏±‡∏•‡πÉ‡∏ô‡∏Å‡∏±‡∏°‡∏û‡∏
comment,2025-03-13,=€< >!0<¢Û I2--+8IÆ =Å<π Fri 14 Mar 2025 =0>! < =€ - Pantip,I-A5I@H +1'+!-!2††+1'+!-%1
comment,2025-03-13,=€< >!0<¢Û I2--+8IÆ =Å<π Fri 14 Mar 2025 =0>! < =€ - Pantip,[Spoil] ‡∏Ñ‡∏•‡∏¥‡∏Å‡πÄ‡∏û‡∏∑‡πà‡∏≠‡∏î‡∏π‡∏Ç‡πâ‡∏≠‡∏Ñ‡∏ß‡∏≤‡∏°‡∏ó‡∏µ‡πà‡∏ã‡πà‡∏≠‡∏ô‡πÑ‡∏ß‡πâ ‡∏≠‡∏¥‡∏ô‡πÇ‡∏î‡∏ô‡∏µ‡πÄ‡∏ã‡∏µ‡∏¢üáÆüá© 53 ‡∏ô‡∏±‡∏Å‡πÇ‡∏ó‡∏©‡πÅ‡∏´‡∏Å‡∏Ñ‡∏∏‡∏Å ‡πÄ‡∏£‡∏∑‡∏≠‡∏ô‡∏à‡∏≥‡∏Ñ‡∏π‡∏ó‡∏≤‡πÄ‡∏Ñ‡∏ô ‡∏à.‡∏≠‡∏≤‡πÄ‡∏à‡∏∞‡∏´‡πå ‡∏ä‡πà‡∏ß‡∏á‡∏£‡
comment,2025-03-13,=€< >!0<¢Û I2--+8IÆ =Å<π Fri 14 Mar 2025 =0>! < =€ - Pantip,"%2' <Ò<Ê #+%@'5"1L††I3#02D!H@5"- #02#+%'%4DI'1%0 348,000 %92(L@!# /'1 AH'2!I-2#-"9H5H††520,000 %92(L@!#/'1††[-††172,000 %92(L@!#/'1 ] 3C+II3#02D!HD+%CH2
H'††-"9H#0+'H2'2AAID"
comment,2025-03-13,=€< >!0<¢Û I2--+8IÆ =Å<π Fri 14 Mar 2025 =0>! < =€ - Pantip,!.'2H- "-
H2-22(-84( 318-H-AIH'! 
1

24 
5I A!II-#-65 69 AH56I1I*2" #!4
--D%L
comment,2025-03-13,=€< >!0<¢Û I2--+8IÆ =Å<π Fri 14 Mar 2025 =0>! < =€ - Pantip,[Spoil] ‡∏Ñ‡∏•‡∏¥‡∏Å‡πÄ‡∏û‡∏∑‡πà‡∏≠‡∏î‡∏π‡∏Ç‡πâ‡∏≠‡∏Ñ‡∏ß‡∏≤‡∏°‡∏ó‡∏µ‡πà‡∏ã‡πà‡∏≠‡∏ô‡πÑ‡∏ß‡πâ üá±üá¶ ‡∏•‡∏≤‡∏ß ‡∏Ñ‡∏•‡∏¥‡∏õ‡πÑ‡∏ß‡∏£‡∏±‡∏• ‡∏™‡∏≤‡∏ß‡∏™‡∏≠‡∏á ‡∏ó‡∏≥‡∏£‡πâ‡∏≤‡∏¢ ‡∏ú‡∏π‡πâ‡∏ä‡∏≤‡∏¢ ‡∏à‡∏≤‡∏Å‡∏Ç‡πâ‡∏≠‡∏°‡∏π‡∏• 12/03 ‡∏ö‡∏£‡∏¥‡πÄ‡∏ß‡∏ì‡∏£‡∏¥‡∏°‡πÇ‡∏Ç‡∏á ‡∏ß‡∏±‡∏î‡∏à‡∏±‡∏ô
comment,2025-03-13,=€< >!0<¢Û I2--+8IÆ =Å<π Fri 14 Mar 2025 =0>! < =€ - Pantip,$4##!-#2 SET Index @5"1 RSI 5HH2*C #2I2" : SET INDEX TF WEEK #2'2 : SET INFEX TF MONTH Indicator @*I*53: Relative Strength Index I-*1@5HH2*C 1) 8#1I5H RSI C#2 TF MONTH %!2H3'H2 30 1H7-'4$4%2+8I#1 6H2#21I@+82#L5I@"@46I!2A%I' 3 #1IH-+I25I 7- [Spoil] %4@7H-9I-'2!5HH-D'I '4$4I!"38I 5 1997 '4$41D#!L 5 2008 '4$4B'4 5 2020 A%0#1I5H 4 DI@46IA%I'1%2+8ID"C5 2025 B"*12 RSI 5HH3'H2 30 1I @46I@!7H-@7-8! 21L5HH2!2 *H'01I
7H-'4$4-0D#1I"1-D!HDI AHI2-42#2A%0H2 RSI 5HH3'H2 30 A%I'1I GI-1I*!!42D'IH-'H2@#23%1@
4'4$42-"H25H#0'2!@
7H-!1HC%28 2) C#2 TF WEEK 1I DII-*1@2-"H25HH2*C@
H1 - I2H2 RSI C TF WEEK %!2A0#01 15-18.5 @!7H-D+#H 1H-20@G8H3*8-%2#-1I5HH2*C'H2C%I0@-2#@I5HA#DI#1 3) A%I'%2+8ID"#-5I0#D+??? - 92@
4#2A%I'D!H!5C#%I21AH
1 @5"AH+2-42!+%1*445H@46IC-5A%I'1I 85HH2*C@G8 bottom -%2#-5I GH20@GH2 RSI 21I TF WEEK A%0 Month 5HA+%H0#1 4) '2!"2-%2#-5IA
45H@#5"DI'H2H20@G'2!I22"!2F-9I@%HC%28G7- - 2#@I2!2- Program Trading 5H3C+I'2!1'-1
5A%0+8I#2"1'1'!26I "-!#1@-0'H2!5%AHF 1I26IA%02% - 11"CAH7I22#AH1-#0@(5H@+!7-0+2 new s-curve 5H069@!G@4!+2(2%21%8@!7--C+I@I2!2%8C%28DI - 2#@!7-....5H%0D'IC25H@I2C#1 - 2#AI1+2##!2 42%-%285H1%8@#4H!+!(#12A%0'2!@
7H-!1H2+%2"F#55H#9IF1 - 2@%7-5H@4B-2*C+I1%8%8!26IC+%2+%2"*4#1"L-@+7-2+8ID" -15I!5%H-@#7H--@!G@4* 2%H-5H0@I2!2C%2+8ID"AHF 5) "1DGA%I'AH...8'4$4!12!!2I'"B-2*@*!- @5"AHB-2*!10@I2I25H@#5"!#I-!-"9H%-@'%2 11IC
H'5H%2+8I"2F 2##1)2'2!*!H3@*!-C2#42!I-!9%H2'*2# 2#32#I2 2#' 2#@#5"!%4*L-+8I+#7-*4#1"L5H@I22#+I2@#+I22#%8-@#27-*4H5H"1DG"13@G#1 "1DG@G3%1CC+I1'@-A%08#1 5#L - @%H2@#7H-@# Peace of Mind Trader https://www.facebook.com/share/p/15zisJ7M2i/ AIDI-'2!@!7H- 8 
1H'B!5HA%I'
comment,2025-03-13,=€< >!0<¢Û I2--+8IÆ =Å<π Fri 14 Mar 2025 =0>! < =€ - Pantip,7I-+8I C+I91' *31 AH7I-C+I 9@'%2 *31 'H2
comment,2025-03-13,=€< >!0<¢Û I2--+8IÆ =Å<π Fri 14 Mar 2025 =0>! < =€ - Pantip,'2!4@+G5H 41 5H F F @2- -24"L+I2 -22(0%1!2+2'+#-††I2#4GA##'*8 F @-0 >>>>>>>>>>>>>>>>>>>>>>>>. !5*4408DH 1IAH'1-24"L@GID 6'1-12# 5H@+%7-I-9-55+6H Isobar††1012 !26 !.††-22(G0@"G+H-"††AHA'I2%!#0B
A#AHF [Spoil] %4@7H-9I-'2!5HH-D'I
comment,2025-03-13,=€< >!0<¢Û I2--+8IÆ =Å<π Fri 14 Mar 2025 =0>! < =€ - Pantip,!21I+2'1I#1 %!@"G2500-22(#I--@#2 H20DI2"8$9#I-1
comment,2025-03-13,=€< >!0<¢Û I2--+8IÆ =Å<π Fri 14 Mar 2025 =0>! < =€ - Pantip,AIDI-'2!@!7H- 8 
1H'B!5HA%I'
comment,2025-03-13,=€< >!0<¢Û I2--+8IÆ =Å<π Fri 14 Mar 2025 =0>! < =€ - Pantip,2#@42D +!6!1DH 2 BTS 2D AIDI-'2!@!7H- 8 
1H'B!5HA%I'
comment,2025-03-13,=€< >!0<¢Û I2--+8IÆ =Å<π Fri 14 Mar 2025 =0>! < =€ - Pantip,
comment,2025-03-13,=€< >!0<¢Û I2--+8IÆ =Å<π Fri 14 Mar 2025 =0>! < =€ - Pantip,
comment,2025-03-13,=€< >!0<¢Û I2--+8IÆ =Å<π Fri 14 Mar 2025 =0>! < =€ - Pantip,BA-@%4@#20'2! Toxic -H2#09I https://pantip.com/s/q15rmps://pantip.com/s/q15rm
comment,2025-03-13,=€< >!0<¢Û I2--+8IÆ =Å<π Fri 14 Mar 2025 =0>! < =€ - Pantip,9IB%H0
comment,2025-03-13,=€< >!0<¢Û I2--+8IÆ =Å<π Fri 14 Mar 2025 =0>! < =€ - Pantip,-I2'D0%0
comment,2025-03-13,=€< >!0<¢Û I2--+8IÆ =Å<π Fri 14 Mar 2025 =0>! < =€ - Pantip,
comment,2025-03-13,=€< >!0<¢Û I2--+8IÆ =Å<π Fri 14 Mar 2025 =0>! < =€ - Pantip,"<Ä*#8"-7I-2"#03'1<Ä '1$+1*5 5H 13 !52! 2568 <ÄH2
24 -928.59 <Ä-8 -363.66 <ÄB#@-#L -190.57 <Ä#2""H-" +1,482.81 <ÄSET 1,159.64††-0.42 8 (-0.04%) Vol. 32,461.80 M. <ÄTOP 1. CPALL†† 49.25< -1.50) 2. DELTA†† 70.00> +1.00) 3. KBANK††149.50< -1.50) 4. BBL††††††††146.50=(0.00) 5. GULF††††††47.25> +0.75) **TFEX** **S50H25** 4 732.70 8 @4H!6I +1.80 8 (+0.25%) **BIG LOT:'15I PTT !9%H2*9*8 136.59 %. #22@	%5H" 27.31 2/+8I <Ä*#8"-7I--2" TFEX<Ä '1$+1*5 5H 13 !52! 2568 Equity Index Future <ÄH2
24††††††††+17,515†† *12 <Ä-8††††††††††-6,177†††† *12 <ÄC#0@(†††† -11,338†† *12 **TFEX** **S50H25** 4 732.70††8 @4H!6I +1.80 8 (+0.25%) **SET50 (SPOT)** 4 732.83 8 %% -0.20 8 (-0.03%)"
comment,2025-03-13,=€< >!0<¢Û I2--+8IÆ =Å<π Fri 14 Mar 2025 =0>! < =€ - Pantip,"BULLISH BOY 13/03/68 SET ‡∏õ‡∏¥‡∏î‡∏•‡∏ö 0.42 ‡∏à‡∏∏‡∏î ‡∏ó‡∏µ‡πà 1,159.64 ‡∏à‡∏∏‡∏î ‡∏ß‡∏±‡∏ô‡∏ô‡∏µ‡πâ‡∏ï‡∏•‡∏≤‡∏î‡πÄ‡∏õ‡∏¥‡∏î‡∏ö‡∏ß‡∏Å 4 ‡∏à‡∏∏‡∏î ‡πÅ‡∏•‡∏∞‡∏õ‡∏£‡∏±‡∏ö‡∏ï‡∏±‡∏ß‡∏Ç‡∏∂‡πâ‡∏ô‡∏ï‡πà‡∏≠ ‡∏ö‡∏ß‡∏Å 8 ‡∏à‡∏∏‡∏î ‡∏ó‡∏≥‡πÑ‡∏Æ‡∏ó‡∏µ‡πà 1,168 ‡∏à‡∏∏‡∏î ‡∏Å‡πà‡∏≠‡∏ô‡∏¢‡πà‡∏≠‡∏ï‡∏±‡∏ß‡∏•‡∏á‡∏°‡∏≤‡∏•‡∏ö 2 ‡∏à‡∏∏‡∏î ‡∏ó‡∏≥‡πÇ‡∏•‡∏ß‡∏ó‡∏µ‡πà 1,157 ‡∏à‡∏∏‡∏î ‡∏™‡πà‡∏ß‡∏ô‡∏ä‡πà‡∏ß‡∏á‡∏ö‡πà‡∏≤‡∏¢ ‡∏ï‡∏•‡∏≤‡∏î‡∏õ‡∏£‡∏±‡∏ö‡∏ï‡∏±‡∏ß‡∏≠‡∏≠‡∏Å‡∏Ç‡πâ‡∏≤‡∏á ‡πÇ‡∏î‡∏¢‡∏´‡∏∏‡πâ‡∏ô‡∏ó‡∏µ‡πà‡∏Å‡∏î‡∏î‡∏±‡∏ô‡∏ï‡∏•‡∏≤‡∏î ‡πÄ‡∏õ‡πá‡∏ô CPALL, AOT, KBANK ‡πÅ‡∏•‡∏∞ CPF ‡∏™‡πà‡∏ß‡∏ô‡∏´‡∏∏‡πâ‡∏ô‡∏ó‡∏µ‡πà‡∏ä‡πà‡∏ß‡∏¢‡∏î‡∏±‡∏ô‡∏ï‡∏•‡∏≤‡∏î ‡πÄ‡∏õ‡πá‡∏ô DELTA, ADVANC, GULF ‡πÅ‡∏•‡∏∞ CPAXT ‡∏Ç‡∏ì‡∏∞‡∏ó‡∏µ‡πà‡∏ß‡∏≠‡∏•‡∏∏‡πà‡∏°‡∏ï‡∏•‡∏≤‡∏î‡∏≠‡∏¢‡∏π‡πà‡∏ó‡∏µ‡πà 3.2 ‡∏´‡∏°‡∏∑‡πà‡∏ô‡∏•‡πâ‡∏≤‡∏ô‡∏ö‡∏≤‡∏ó ‡∏õ‡∏£‡∏∞‡πÄ‡∏î‡πá‡∏ô‡∏ß‡∏±‡∏ô‡∏ô‡∏µ‡πâ ‡∏ï‡∏•‡∏≤‡∏î‡πÅ‡∏Å‡∏ß‡πà‡∏á‡∏ï‡∏±‡∏ß‡πÉ‡∏ô‡πÅ‡∏î‡∏ô‡∏ö‡∏ß‡∏Å‡∏™‡∏"
comment,2025-03-13,=€< >!0<¢Û I2--+8IÆ =Å<π Fri 14 Mar 2025 =0>! < =€ - Pantip,
comment,2025-03-13,=€< >!0<¢Û I2--+8IÆ =Å<π Fri 14 Mar 2025 =0>! < =€ - Pantip,
comment,2025-03-13,=€< >!0<¢Û I2--+8IÆ =Å<π Fri 14 Mar 2025 =0>! < =€ - Pantip,
comment,2025-03-13,=€< >!0<¢Û I2--+8IÆ =Å<π Fri 14 Mar 2025 =0>! < =€ - Pantip,
comment,2025-03-13,=€< >!0<¢Û I2--+8IÆ =Å<π Fri 14 Mar 2025 =0>! < =€ - Pantip,
comment,2025-03-13,=€< >!0<¢Û I2--+8IÆ =Å<π Fri 14 Mar 2025 =0>! < =€ - Pantip,
comment,2025-03-13,=€< >!0<¢Û I2--+8IÆ =Å<π Fri 14 Mar 2025 =0>! < =€ - Pantip,
comment,2025-03-13,=€< >!0<¢Û I2--+8IÆ =Å<π Fri 14 Mar 2025 =0>! < =€ - Pantip,
comment,2025-03-13,=€< >!0<¢Û I2--+8IÆ =Å<π Fri 14 Mar 2025 =0>! < =€ - Pantip,
comment,2025-03-13,=€< >!0<¢Û I2--+8IÆ =Å<π Fri 14 Mar 2025 =0>! < =€ - Pantip,
comment,2025-03-13,=€< >!0<¢Û I2--+8IÆ =Å<π Fri 14 Mar 2025 =0>! < =€ - Pantip,'5I 
H'"15HI2#95 *28
comment,2025-03-13,=€< >!0<¢Û I2--+8IÆ =Å<π Fri 14 Mar 2025 =0>! < =€ - Pantip,
comment,2025-03-13,=€< >!0<¢Û I2--+8IÆ =Å<π Fri 14 Mar 2025 =0>! < =€ - Pantip,@.I- 1+!-'4 +1'
2 @%" .2222
comment,2025-03-13,=€< >!0<¢Û I2--+8IÆ =Å<π Fri 14 Mar 2025 =0>! < =€ - Pantip,#8@8#4 -*1+2#4!#1"L5I#1- "2A#-"2@#G' %85!2L+'1H
I2	8%26!"2'
comment,2025-03-13,=€< >!0<¢Û I2--+8IÆ =Å<π Fri 14 Mar 2025 =0>! < =€ - Pantip,TCAP : ‡∏´‡∏∏‡πâ‡∏ô‡πÄ‡∏á‡∏¥‡∏ô‡∏õ‡∏±‡∏ô‡∏ú‡∏•‡∏õ‡∏•‡∏≠‡∏î‡∏†‡∏±‡∏¢‡∏î‡πâ‡∏ß‡∏¢ DY ‡∏ó‡∏µ‡πà‡πÄ‡∏Å‡∏∑‡∏≠‡∏ö 7% TCAP ‡∏£‡∏≤‡∏¢‡∏á‡∏≤‡∏ô‡∏á‡∏ö‡∏Å‡∏≤‡∏£‡πÄ‡∏á‡∏¥‡∏ô‡πÑ‡∏ï‡∏£‡∏°‡∏≤‡∏™ 4/2567 ‡πÇ‡∏î‡∏¢‡∏°‡∏µ‡∏Å‡∏≥‡πÑ‡∏£‡∏õ‡∏Å‡∏ï‡∏¥‡∏ó‡∏µ‡πà 1.3 ‡∏û‡∏±‡∏ô‡∏•‡∏ö. ‡∏•‡∏î‡∏•‡∏á 17% QoQ ‡πÅ‡∏•‡∏∞ 7% YoY ‡πÅ‡∏•‡∏∞‡∏ï‡πà‡∏≥‡∏Å‡∏ß‡πà‡∏≤‡∏ó‡∏µ‡πà‡πÄ‡∏£‡∏≤‡∏Ñ‡∏≤‡∏î‡∏Å‡∏≤‡∏£‡∏ì‡πå‡πÑ‡∏ß‡πâ 16% ‡πÄ‡∏£‡∏≤‡∏°‡∏µ‡∏°‡∏∏‡∏°‡∏°‡∏≠‡∏á‡πÄ‡∏ä‡∏¥‡∏á‡∏ö‡∏ß‡∏Å‡πÄ‡∏•‡πá‡∏Å‡∏ô‡πâ‡∏≠‡∏¢‡∏ï‡πà‡∏≠‡∏Å‡∏≤‡∏£‡∏õ‡∏£‡∏∞‡∏ä‡∏∏‡∏°‡∏ô‡∏±‡∏Å‡∏ß‡∏¥‡πÄ‡∏Ñ‡∏£‡∏≤‡∏∞‡∏´‡πå ‡πÄ‡∏ô‡∏∑‡πà‡∏≠‡∏á‡∏à‡∏≤‡∏Å‡∏ú‡∏π‡πâ‡∏ö‡∏£‡∏¥‡∏´‡∏≤‡∏£‡∏Ñ‡∏≤‡∏î‡∏´‡∏ß‡∏±‡∏á‡∏ó‡∏µ‡πà‡∏à‡∏∞‡∏£‡∏±‡∏Å‡∏©‡∏≤‡∏≠‡∏±‡∏ï‡∏£‡∏≤‡∏ï‡∏≠‡∏ö‡πÅ‡∏ó‡∏ô‡πÄ‡∏á‡∏¥‡∏ô‡∏õ‡∏±‡∏ô‡∏ú‡∏•‡πÉ‡∏ô‡∏£‡∏∞‡∏î‡∏±‡∏ö‡∏™‡∏π‡∏á‡∏ó‡∏µ‡πà 6.9% ‡πÅ‡∏•‡∏∞‡∏Ñ‡∏≤‡∏î‡∏ß‡πà‡∏≤‡πÅ‡∏ô‡∏ß‡πÇ‡∏ô‡πâ‡∏°‡∏Å‡∏≥‡πÑ‡∏£‡∏õ‡∏µ 68 ‡∏à‡∏∞‡∏ó‡∏µ‡πà‡∏î‡∏µ‡∏Ç‡∏∂‡πâ‡∏ô TCAP ‡∏£‡∏≤‡∏¢‡∏á‡∏≤‡∏ô‡∏Å‡∏≥‡πÑ‡∏£‡∏õ‡∏Å‡∏ï‡∏¥‡∏ó‡∏µ‡πà‡∏≠‡πà‡∏≠‡∏ô‡πÅ‡∏≠‡πÉ‡∏ô‡πÑ‡∏ï‡∏£‡∏°‡∏≤‡∏™ 4/2567 ‡∏ó‡∏µ‡πà 1.30 ‡∏û‡∏±‡∏ô‡∏•‡∏ö. ‡
comment,2025-03-13,=€< >!0<¢Û I2--+8IÆ =Å<π Fri 14 Mar 2025 =0>! < =€ - Pantip,"D#)5"LD"
9 Postman Cloud 6(1" 2@#7-H2" ""5HD#/"" ‡∏û‡∏±‡∏í‡∏ô‡∏≤ 3 ‡πÇ‡∏ã‡∏•‡∏π‡∏ä‡∏±‡πà‡∏ô Survey-Express-Matching ‡∏ï‡∏≠‡∏ö‡πÇ‡∏à‡∏ó‡∏¢‡πå‡∏ó‡∏∏‡∏Å‡∏Ñ‡∏ß‡∏≤‡∏°‡∏ï‡πâ‡∏"
comment,2025-03-13,=€< >!0<¢Û I2--+8IÆ =Å<π Fri 14 Mar 2025 =0>! < =€ - Pantip,
comment,2025-03-13,=€< >!0<¢Û I2--+8IÆ =Å<π Fri 14 Mar 2025 =0>! < =€ - Pantip,4'F C
I@#7H-'#6
comment,2025-03-13,=€< >!0<¢Û I2--+8IÆ =Å<π Fri 14 Mar 2025 =0>! < =€ - Pantip,+#7-5H1#8'1...
comment,2025-03-13,=€< >!0<¢Û I2--+8IÆ =Å<π Fri 14 Mar 2025 =0>! < =€ - Pantip,
comment,2025-03-13,=€< >!0<¢Û I2--+8IÆ =Å<π Fri 14 Mar 2025 =0>! < =€ - Pantip,AIDI-'2!@!7H- 7 
1H'B!5HA%I'
comment,2025-03-13,=€< >!0<¢Û I2--+8IÆ =Å<π Fri 14 Mar 2025 =0>! < =€ - Pantip,0C+I-'-0D#%H0 4'8I@5"*+I2#'1@+#-
comment,2025-03-13,=€< >!0<¢Û I2--+8IÆ =Å<π Fri 14 Mar 2025 =0>! < =€ - Pantip,
comment,2025-03-13,=€< >!0<¢Û I2--+8IÆ =Å<π Fri 14 Mar 2025 =0>! < =€ - Pantip,4AA+H@#7H-A@7H--'††AHD!H@I!'
comment,2025-03-13,=€< >!0<¢Û I2--+8IÆ =Å<π Fri 14 Mar 2025 =0>! < =€ - Pantip,0+!5H@G"2!6
comment,2025-03-13,=€< >!0<¢Û I2--+8IÆ =Å<π Fri 14 Mar 2025 =0>! < =€ - Pantip,@4!!22!#09I-5A%I'
comment,2025-03-13,=€< >!0<¢Û I2--+8IÆ =Å<π Fri 14 Mar 2025 =0>! < =€ - Pantip,-4B5@5" @#5"!@G 2)53@I24%L!D#- 2 D"-5-DI+'1 @7H-I-12#8H!%2A%0I--8*2+##! 2"C#0@(
comment,2025-03-13,=€< >!0<¢Û I2--+8IÆ =Å<π Fri 14 Mar 2025 =0>! < =€ - Pantip,[Spoil] ‡∏Ñ‡∏•‡∏¥‡∏Å‡πÄ‡∏û‡∏∑‡πà‡∏≠‡∏î‡∏π‡∏Ç‡πâ‡∏≠‡∏Ñ‡∏ß‡∏≤‡∏°‡∏ó‡∏µ‡πà‡∏ã‡πà‡∏≠‡∏ô‡πÑ‡∏ß‡πâ ‡∏ß‡∏±‡∏ô‡∏ó‡∏µ‡πà 12 ‡∏°‡∏µ‡∏ô‡∏≤‡∏Ñ‡∏° ‡∏ö‡∏£‡∏¥‡∏©‡∏±‡∏ó‡∏î‡πâ‡∏≤‡∏ô‡∏õ‡∏±‡∏ç‡∏ç‡∏≤‡∏õ‡∏£‡∏∞‡∏î‡∏¥‡∏©‡∏ê‡πå Google DeepMind ‡πÄ‡∏õ‡∏¥‡∏î‡∏ï‡∏±‡∏ß Gemini Robotics ‡πÅ‡∏•‡∏∞ Gemini Robotics-ER ‡∏ã‡∏∂‡πà‡∏á‡πÄ‡∏õ‡πá‡∏ô‡πÇ‡∏°‡πÄ‡∏î‡∏•‡∏õ‡∏±‡∏ç‡∏ç‡∏≤‡∏õ‡∏£‡∏∞‡∏î‡∏¥‡∏©‡∏ê‡πå AI ‡πÉ‡∏´‡∏°‡πà‡∏•‡πà‡∏≤‡∏™‡∏∏‡∏î‡∏ó‡∏µ‡πà‡∏û‡∏±‡∏í‡∏ô‡∏≤‡∏Ç‡∏∂‡πâ‡∏ô‡∏°‡∏≤‡πÇ‡∏î‡∏¢‡πÉ‡∏ä‡πâ‡πÄ‡∏ó‡∏Ñ‡πÇ‡∏ô‡πÇ‡∏•‡∏¢‡∏µ‡∏õ‡∏±‡∏ç‡∏ç‡∏≤‡∏õ‡∏£‡∏∞‡∏î‡∏¥‡∏©‡∏ê‡πå Gemini 2.0 ‡∏õ‡∏π‡∏ó‡∏≤‡∏á‡∏™‡∏π‡πà‡∏Å‡∏≤‡∏£‡πÉ‡∏ä‡πâ‡∏á‡∏≤‡∏ô‡∏Å‡∏±‡∏ö‡∏´‡∏∏‡πà‡∏ô‡∏¢‡∏ô‡∏ï‡πå‡∏≠‡∏±‡∏à‡∏â‡∏£‡∏¥‡∏¢‡∏∞‡πÄ‡∏ó‡∏Ñ‡πÇ‡∏ô‡πÇ‡∏
comment,2025-03-13,=€< >!0<¢Û I2--+8IÆ =Å<π Fri 14 Mar 2025 =0>! < =€ - Pantip,"[Spoil] ‡∏Ñ‡∏•‡∏¥‡∏Å‡πÄ‡∏û‡∏∑‡πà‡∏≠‡∏î‡∏π‡∏Ç‡πâ‡∏≠‡∏Ñ‡∏ß‡∏≤‡∏°‡∏ó‡∏µ‡πà‡∏ã‡πà‡∏≠‡∏ô‡πÑ‡∏ß‡πâ ‡∏ä‡∏µ‡∏ß‡∏¥‡∏ï‡∏ö‡∏ô‡∏î‡∏≤‡∏ß‡∏≠‡∏±‡∏á‡∏Ñ‡∏≤‡∏£? ‡∏≠‡∏≤‡∏à‡∏°‡∏µ‡∏•‡∏±‡∏Å‡∏©‡∏ì‡∏∞‡∏Ñ‡∏•‡πâ‡∏≤‡∏¢‡∏Å‡∏±‡∏ö‡πÅ‡∏ö‡∏Ñ‡∏ó‡∏µ‡πÄ‡∏£‡∏µ‡∏¢‡πÉ‡∏ô‡∏Å‡∏£‡∏∞‡πÄ‡∏û‡∏≤‡∏∞‡∏≠‡∏≤‡∏´‡∏≤‡∏£‡∏Ç‡∏≠‡∏á‡∏Ñ‡∏∏‡∏ì ‡∏°‡∏ô‡∏∏‡∏©‡∏¢‡πå‡∏°‡∏±‡∏Å‡∏°‡∏≠‡∏á‡∏ß‡πà‡∏≤‡∏ä‡∏µ‡∏ß‡∏¥‡∏ï‡πÄ‡∏õ‡πá‡∏ô‡∏™‡∏¥‡πà‡∏á‡∏°‡∏´‡∏±‡∏®‡∏à‡∏£‡∏£‡∏¢‡πå‡πÅ‡∏•‡∏∞‡πÄ‡∏õ‡πá‡∏ô‡πÄ‡∏≠‡∏Å‡∏•‡∏±‡∏Å‡∏©‡∏ì‡πå‡πÄ‡∏â‡∏û‡∏≤‡∏∞‡∏ï‡∏±‡∏ß ‡πÄ‡∏ó‡πà‡∏≤‡∏ó‡∏µ‡πà‡∏ô‡∏±‡∏Å‡∏ß‡∏¥‡∏ó‡∏¢‡∏≤‡∏®‡∏≤‡∏™‡∏ï‡∏£‡πå‡∏ó‡∏£‡∏≤‡∏ö‡πÉ‡∏ô‡∏ï‡∏≠‡∏ô‡∏ô‡∏µ‡πâ ‡πÇ‡∏•‡∏Å‡πÄ‡∏õ‡πá‡∏ô‡πÄ‡∏û‡∏µ‡∏¢‡∏á‡∏î‡∏≤‡∏ß‡πÄ‡∏Ñ‡∏£‡∏≤‡∏∞‡∏´‡πå‡∏î‡∏ß‡∏á‡πÄ‡∏î‡∏µ‡∏¢‡∏ß‡∏ó‡∏µ‡πà‡∏™‡∏≤‡∏°‡∏≤‡∏£‡∏ñ‡∏£‡∏≠‡∏á‡∏£‡∏±‡∏ö‡∏ä‡∏µ‡∏ß‡∏¥‡∏ï‡πÑ‡∏î‡πâ ‡∏ã‡∏∂‡πà‡∏á‡πÉ‡∏ô‡∏õ‡∏±‡∏à‡∏à‡∏∏‡∏ö‡∏±‡∏ô‡∏Ñ‡∏≤‡∏î‡∏ß‡πà‡∏≤‡∏™‡πà‡∏ß‡∏ô‡πÉ‡∏´‡∏ç‡πà‡∏°‡∏µ‡∏ï‡πâ‡∏ô‡∏Å‡∏≥‡πÄ‡∏ô‡∏¥‡∏î‡∏à‡∏≤‡∏Å‡∏™‡∏¥‡πà‡∏á‡∏°‡∏µ‡∏ä‡∏µ‡∏ß‡∏¥‡∏ï‡πÄ‡∏ã‡∏•‡∏•‡πå‡πÄ‡∏î‡∏µ‡∏¢‡∏ß‡∏õ‡∏£‡∏∞‡πÄ‡∏†‡∏ó‡πÇ‡∏û‡∏£‡∏Ñ‡∏≤‡∏£‡∏¥‡πÇ‡∏≠‡∏ï (Prokaryote) ‡∏≠‡∏¢‡πà‡∏≤‡∏á‡πÑ‡∏£‡∏Å‡πá‡∏ï‡∏≤‡∏° ‡∏ôî8#I-1 2'(8#L!5
1I##"22(@G4) *H'2'@#20+L
1I-*H'C+H#0-I'"J2 -"H2D#G2! '1#L-2'$+1*5A%02'@*2#L @
H "9B#2A%0@-@%21* !5!+2*!8#I3CI@%7-I3AG 6H-2@GA+%H3@4-B!@%8%-4#5"L5H3@GH-2#3@4
5'4 H-('##) 1960 1'4"2(2*#L@"@
7H-'H2
5'4*2!2#3#-"9HDI@	20C* 2A'%I-!5H%I2"B%@H21I @
H !5I3 -8+ 9!45H@+!20*! A%0H2 pH @G%2 -"H2D#G2! 2#I*4H!5
5'4*81I' (Extremophiles) 5H*2!2#3#
5'4C* 2A'%I-!#8A# @
H I38#I- -8+ 9!4@"7-AG +#7-A#1*9CI!+2*!8# DI@%5H"A%A'45IDB"*4I@
4 C('##) 1980 1'4"2(2*#LA#L#5H !2#LA
% (Barry Marshall) A%0B#4 '2#L@# (Robin Warren) DIIA5@#5"@.%4BA@-#L DB%D# (Helicobacter pylori) 6H*2!2#-"9H#-C#0@20-2+2#-!8)"L5H!5'2!@G#*9 I'"2#C
IA%@%%2 (Flagella) +#7--'1"'0@%7H-5H5H!5%1)0@G@*I"2'%I2"A*I @7H-@%7H-5HA%0@-D!L"9#5@-*@7H-#1* 2A'%I-!#-1' @
7I-
45I*2!2#@4BA%0"2"18LC* 2'05H@"9!-'H2@GDD!HDI*3+#1
5'4 2#I8%
55H*2!2#-"9H#-C* 2A'%I-!#8A#B% +#7-A!I#01HC#0@20-2+2#-!8)"L H
5IC+I@+G'H2-2!5*4H!5
5'45H*2!2#3#-"9H2'-12#+#7-'1#LI3AGC#0*8#4"0 A%0A!IAH2'@#20+L-#0*8#4"0-5'H2 5,500 '5H9I 181 2#(6)2@+%H25I
H'""2"-@-*4H5H@#2!-'H2 ""@-7I-H-2#3#
5'4"" ‡πÅ‡∏•‡∏∞‡πÄ‡∏õ‡∏¥‡∏î‡πÇ‡∏≠‡∏Å‡∏≤‡∏™‡πÉ‡∏´‡πâ‡∏°‡∏ô‡∏∏‡∏©‡∏¢‡πå‡∏Ñ‡πâ‡∏ô‡∏û‡∏ö‡∏£‡∏π‡∏õ‡πÅ‡∏ö‡∏ö‡∏ä‡∏µ‡∏ß‡∏¥‡∏ï‡πÉ‡∏´‡∏°‡πà‡∏ó‡∏µ‡πà‡∏≠‡∏≤‡∏à‡πÅ‡∏ï‡∏Å‡∏ï‡πà‡∏≤‡∏á‡∏à‡∏≤‡∏Å‡∏ó‡∏µ‡πà‡πÄ‡∏£‡∏≤‡∏£‡∏π‡πâ‡∏à‡∏±‡∏Å ‡∏™‡∏¥‡πà‡∏á‡∏°‡∏µ‡∏ä‡∏µ‡∏ß‡∏¥‡∏ï‡∏ö‡∏ô‡∏î‡∏≤‡∏ß‡∏≠‡∏±‡∏á‡∏Ñ‡∏≤‡∏£‡∏ó‡∏µ‡πà‡∏°‡∏ô‡∏∏‡∏©‡∏¢‡πå‡πÉ‡∏ù‡πà‡∏ù‡∏±‡∏ô‡∏ñ‡∏∂‡∏á ‡∏≠‡∏≤‡∏à‡∏°‡∏µ‡∏•‡∏±‡∏Å‡∏©‡∏ì‡∏∞‡∏Ñ‡∏•‡πâ‡∏≤‡∏¢‡∏Å‡∏±‡∏ö‡πÅ‡"
comment,2025-03-13,=€< >!0<¢Û I2--+8IÆ =Å<π Fri 14 Mar 2025 =0>! < =€ - Pantip,[Spoil] ‡∏Ñ‡∏•‡∏¥‡∏Å‡πÄ‡∏û‡∏∑‡πà‡∏≠‡∏î‡∏π‡∏Ç‡πâ‡∏≠‡∏Ñ‡∏ß‡∏≤‡∏°‡∏ó‡∏µ‡πà‡∏ã‡πà‡∏≠‡∏ô‡πÑ‡∏ß‡πâ ‡∏û‡∏≤‡∏ß‡πÄ‡∏ß‡∏≠‡∏£‡πå ‡πÇ‡∏£‡∏•‡∏•‡πå (Power Roll) ‡∏ö‡∏£‡∏¥‡∏©‡∏±‡∏ó‡∏î‡πâ‡∏≤‡∏ô‡∏û‡∏•‡∏±‡∏á‡∏á‡∏≤‡∏ô‡πÅ‡∏™‡∏á‡∏≠‡∏≤‡∏ó‡∏¥‡∏ï‡∏¢‡πå‡∏™‡∏±‡∏ç‡∏ä‡∏≤‡∏ï‡∏¥‡∏≠‡∏±‡∏á‡∏Å‡∏§‡∏© ‡∏ß‡∏¥‡∏à‡∏±‡∏¢‡∏û‡∏±‡∏í‡∏ô‡∏≤‡πÇ‡∏ã‡∏•‡∏≤‡∏£‡πå‡πÄ‡∏ã‡∏•‡∏•‡πå‡πÅ‡∏ö‡∏ö‡πÅ‡∏ú‡πà‡∏ô‡∏ü‡∏¥‡∏•‡πå‡∏° 
comment,2025-03-13,=€< >!0<¢Û I2--+8IÆ =Å<π Fri 14 Mar 2025 =0>! < =€ - Pantip,
comment,2025-03-13,=€< >!0<¢Û I2--+8IÆ =Å<π Fri 14 Mar 2025 =0>! < =€ - Pantip,
post,N/A,"CPF ‡∏à‡∏∞‡πÄ‡∏≠‡∏≤‡∏´‡∏∏‡πâ‡∏ô‡∏ó‡∏µ‡πà‡∏ã‡∏∑‡πâ‡∏≠‡∏Ñ‡∏∑‡∏","CPF ‡∏à‡∏∞‡πÄ‡∏≠‡∏≤‡∏´‡∏∏‡πâ‡∏ô‡∏ó‡∏µ‡πà‡∏ã‡∏∑‡πâ‡∏≠‡∏Ñ‡∏∑‡∏ô‡∏°‡∏≤‡∏•‡∏î‡∏ó‡∏∏‡∏ô ‡∏à‡∏≥‡∏ô‡∏ß‡∏ô 6,60"
comment,2025-03-13,"CPF ‡∏à‡∏∞‡πÄ‡∏≠‡∏≤‡∏´‡∏∏‡πâ‡∏ô‡∏ó‡∏µ‡πà‡∏ã‡∏∑‡πâ‡∏≠‡∏Ñ‡∏∑‡∏",G50 1%%H2*8GB-@
comment,2025-03-13,"CPF ‡∏à‡∏∞‡πÄ‡∏≠‡∏≤‡∏´‡∏∏‡πâ‡∏ô‡∏ó‡∏µ‡πà‡∏ã‡∏∑‡πâ‡∏≠‡∏Ñ‡∏∑‡∏",2!*2"††D!H!51'5I
comment,N/A,"CPF ‡∏à‡∏∞‡πÄ‡∏≠‡∏≤‡∏´‡∏∏‡πâ‡∏ô‡∏ó‡∏µ‡πà‡∏ã‡∏∑‡πâ‡∏≠‡∏Ñ‡∏∑‡∏",I2@G9I7-+8I-"9H05C1H2'5I
comment,2025-03-13,"CPF ‡∏à‡∏∞‡πÄ‡∏≠‡∏≤‡∏´‡∏∏‡πâ‡∏ô‡∏ó‡∏µ‡πà‡∏ã‡∏∑‡πâ‡∏≠‡∏Ñ‡∏∑‡∏",0!51""0-7HFAD+! @
H #4)1-7HF C@#7- CP 0DI@4@4H!A%I'D5%1#4)1@4!5H@"--H2''H2D!H40#H'!8
comment,2025-03-13,"CPF ‡∏à‡∏∞‡πÄ‡∏≠‡∏≤‡∏´‡∏∏‡πâ‡∏ô‡∏ó‡∏µ‡πà‡∏ã‡∏∑‡πâ‡∏≠‡∏Ñ‡∏∑‡∏",0!20I-"%DIG%D#17-!15AHF#1
comment,N/A,"CPF ‡∏à‡∏∞‡πÄ‡∏≠‡∏≤‡∏´‡∏∏‡πâ‡∏ô‡∏ó‡∏µ‡πà‡∏ã‡∏∑‡πâ‡∏≠‡∏Ñ‡∏∑‡∏",!"1@G#22 20 2D'I 2 D!I -20@G"2'D'I41%
comment,N/A,"CPF ‡∏à‡∏∞‡πÄ‡∏≠‡∏≤‡∏´‡∏∏‡πâ‡∏ô‡∏ó‡∏µ‡πà‡∏ã‡∏∑‡πâ‡∏≠‡∏Ñ‡∏∑‡∏",1'+2#I-"% 1%!26I @49@!*L *8"-%"8
comment,N/A,"CPF ‡∏à‡∏∞‡πÄ‡∏≠‡∏≤‡∏´‡∏∏‡πâ‡∏ô‡∏ó‡∏µ‡πà‡∏ã‡∏∑‡πâ‡∏≠‡∏Ñ‡∏∑‡∏",A0D!H!5% **1" I2H-D #4)1D!H1% AHC
I'47I-+8I7A @7H- F 'H2D#1
comment,N/A,"CPF ‡∏à‡∏∞‡πÄ‡∏≠‡∏≤‡∏´‡∏∏‡πâ‡∏ô‡∏ó‡∏µ‡πà‡∏ã‡∏∑‡πâ‡∏≠‡∏Ñ‡∏∑‡∏",
comment,N/A,"CPF ‡∏à‡∏∞‡πÄ‡∏≠‡∏≤‡∏´‡∏∏‡πâ‡∏ô‡∏ó‡∏µ‡πà‡∏ã‡∏∑‡πâ‡∏≠‡∏Ñ‡∏∑‡∏",8JFFFFF@'%2@4H!8D7I-42#0DI3'+8ID!H@"-0!2††%DH-
comment,2025-03-13,"CPF ‡∏à‡∏∞‡πÄ‡∏≠‡∏≤‡∏´‡∏∏‡πâ‡∏ô‡∏ó‡∏µ‡πà‡∏ã‡∏∑‡πâ‡∏≠‡∏Ñ‡∏∑‡∏",!108
post,N/A,Sinthorn Summary 13/3/2568 : ‡∏ï‡πà‡∏≤‡∏á‡∏ä‡∏≤‡∏ï‡∏¥‡∏Ç‡∏≤‡∏¢‡∏™‡,
comment,2025-03-13,Sinthorn Summary 13/3/2568 : ‡∏ï‡πà‡∏≤‡∏á‡∏ä‡∏≤‡∏ï‡∏¥‡∏Ç‡∏≤‡∏¢‡∏™‡,
comment,2025-03-13,Sinthorn Summary 13/3/2568 : ‡∏ï‡πà‡∏≤‡∏á‡∏ä‡∏≤‡∏ï‡∏¥‡∏Ç‡∏≤‡∏¢‡∏™‡,
comment,2025-03-13,Sinthorn Summary 13/3/2568 : ‡∏ï‡πà‡∏≤‡∏á‡∏ä‡∏≤‡∏ï‡∏¥‡∏Ç‡∏≤‡∏¢‡∏™‡,
comment,2025-03-13,Sinthorn Summary 13/3/2568 : ‡∏ï‡πà‡∏≤‡∏á‡∏ä‡∏≤‡∏ï‡∏¥‡∏Ç‡∏≤‡∏¢‡∏™‡,@!H2#1@%08'1
comment,2025-03-13,Sinthorn Summary 13/3/2568 : ‡∏ï‡πà‡∏≤‡∏á‡∏ä‡∏≤‡∏ï‡∏¥‡∏Ç‡∏≤‡∏¢‡∏™‡,
comment,N/A,Sinthorn Summary 13/3/2568 : ‡∏ï‡πà‡∏≤‡∏á‡∏ä‡∏≤‡∏ï‡∏¥‡∏Ç‡∏≤‡∏¢‡∏™‡,thank you
comment,N/A,Sinthorn Summary 13/3/2568 : ‡∏ï‡πà‡∏≤‡∏á‡∏ä‡∏≤‡∏ï‡∏¥‡∏Ç‡∏≤‡∏¢‡∏™‡,@!H2#1D'I@-
comment,2025-03-13,Sinthorn Summary 13/3/2568 : ‡∏ï‡πà‡∏≤‡∏á‡∏ä‡∏≤‡∏ï‡∏¥‡∏Ç‡∏≤‡∏¢‡∏™‡,@#4H!2"I-"%A.0.
comment,2025-03-13,Sinthorn Summary 13/3/2568 : ‡∏ï‡πà‡∏≤‡∏á‡∏ä‡∏≤‡∏ï‡∏¥‡∏Ç‡∏≤‡∏¢‡∏™‡,5H!1 @!H21*9I 9I"89H SET
comment,N/A,Sinthorn Summary 13/3/2568 : ‡∏ï‡πà‡∏≤‡∏á‡∏ä‡∏≤‡∏ï‡∏¥‡∏Ç‡∏≤‡∏¢‡∏™‡,
comment,2025-03-13,Sinthorn Summary 13/3/2568 : ‡∏ï‡πà‡∏≤‡∏á‡∏ä‡∏≤‡∏ï‡∏¥‡∏Ç‡∏≤‡∏¢‡∏™‡,@!H2#1
post,N/A,*2@+8 True B8+1@!7H-'2 -2D!HH2@L ?? - Pantip,5H!2 https://today.line.me/th/v2/article/JPM3Yoq
comment,2025-03-13,*2@+8 True B8+1@!7H-'2 -2D!HH2@L ?? - Pantip,'15IH-"7I!2+H-" AH#22+%8 200 '1DA%I' AH@49D!H5
comment,2025-03-13,*2@+8 True B8+1@!7H-'2 -2D!HH2@L ?? - Pantip,2!-#L! 1'5I*'46I%DI%- %#0-2#G28%-
comment,N/A,*2@+8 True B8+1@!7H-'2 -2D!HH2@L ?? - Pantip,@5K"'8 @5K"'@G 2!*9#
comment,N/A,*2@+8 True B8+1@!7H-'2 -2D!HH2@L ?? - Pantip,
comment,2025-03-13,*2@+8 True B8+1@!7H-'2 -2D!HH2@L ?? - Pantip,D!H@"@I2C +8I1'5I@%"†††@%H+8I1'5I@24-0D# 1-"9H
comment,2025-03-13,*2@+8 True B8+1@!7H-'2 -2D!HH2@L ?? - Pantip,"@-2@I2#4 ESG 60 "H-!22 Environmental, Social A%0 Governance 6H@GA'4+#7-+%12#C2#12#4+2#-L#-"H2"1H"7 AH-L#0"1H"7 8#45H3 !1G'#0!5%2#3@42@G3D#H-@7H-D!HC
H28F@-2"
comment,2025-03-13,*2@+8 True B8+1@!7H-'2 -2D!HH2@L ?? - Pantip,@GB-2*7I-#1 8#4#'# @GI2 !7-7- B#!2! 2#@4 !5@5" 1@4 B#1(L 2@H *2#1 8#4@4B5!2 4-"9H4*L@5"' . . .
comment,N/A,*2@+8 True B8+1@!7H-'2 -2D!HH2@L ?? - Pantip,I2#22% !2 5HGH2*0 @#20 C
I5! dtac @G!1'
post,N/A,*12@7-! 1
5@
7H-!1H9I#4B ..%#1IA#C#- 5 @7- 1'%(.7I
I2 - Pantip,"*31H2'-4B@'*L†(13†!5..†2568)--(9"L"2#L@(#)4A%08#4†!+2'4"2%1"+-2#I2D"†@4@"'H2†1
5'2!@
7H-!1H-9I#4B †@7-..68†-"9H5H#01†57.8†#11'%%@G#1IA#C#-†5†@7-†11IAH†..67†@7H-29I#4B !5'2!1'%@5H"'1*#2!2#I22B"2"†Trump†2.0†*H%C+I%2+%1#1"L-D"A%01H'B%#11'%%†A!I'H2#12%0--!2#22##08I@(#)4†AH9I#4B %1#9I*6'H2@(#)4D""17I1'DI
I2 05H1
5'2!@
7H-!1H@5H"'1@(#)4D"B"#'!†-"9H5H†51.5†1
5'2!@
7H-!1H@5H"'1B-2*2#+22†-"9H5H†55.2†A%01
5'2!@
7H-!1H@5H"'1#2"DIC-2†-"9H5H†66.7†B"1
5'2!@
7H-!1H/†#11'%%8#2"2#@G#1IA#C#-†5†@7-@
H1 ""1
5'2!@
7H-!1H/†C@7-5I†*#I2'2!A%C†A%0@G*4H5HI-42!†@#201
5/†%4%1!2%%@G#1IA#C#-†5†@7-8#2"2#†6H@G*12@7- 1"5H@#21'%""†2"'##L†%'4
1"†-42#5!+2'4"2%1"+-2#I2D"†A%0#025H#6)2(9"L"2#L@(#)4A%08#4†#08 1I5I†1
5'2!@
7H-!1H9I#4B B"#'!†"1@%7H-D+'-"9HH3'H2#01†100†A*C+I@+G'H2†9I#4B "1@+G'H2*22#L@(#)4B"#'!"17I1'
I2†A%0H2#-
5*9†%-1+2*#2!2#I25H!5A'BI!#8A#6I†"1!5B-2*1H-'2!@
7H-!1H-9I#4B 1IC181†A%0C-2DI-"H2H-@7H-C#0"0-1C%I5I B"9I#4B !5'2!1'%H-'2!@
7H-!1HC-2†+2*22#L*#2!2#I2C-2†0'5'2!#8A#A%0"2"'!26I†D!HC
HAH@5"2#-BI#0+'H2*+#115†6H0*H%#0!26@(#)4D"5H-2%1!27I1'DID!H#'@#G'†A!I#12%0!5!2#2##08I@(#)4H2†F†--!2G2! *@4†3†*2@+8*313C+I1
5@
7H-!1H9I#4B ..%4%1!2%%†7- 1.†#0
2
D!H#9I*6'H2@(#)47I†+#7-!-'H2@(#)47I1'DI
I2'H25H2D'I†A!I0!5!2#2##08I2 2#1--!21IAH%2"5†67†H-@7H-6D#!2*A#-5†68†D!H'H20@GB#2#B-@4†10,000†2†1I†2†@*,†8*9I†@#2
H'",†Easy†E-Receipt†@GI 2.†1+2*#2!2#I2†(Trade†War†2.0)†5H+%2"#0@(@#4H!!5!2#2#-BI%1†+%19*+#1/†6I 2)53@I2*4I2†6H*22#L5I†*H%#0H-†Sentiment†-%2+8I1H'B%†A%0*H*12D6'2!@
7H-!1HC-2-#0
2
 3.†*22#L2#@!7-C#0@(5HD!H4H†6HD*H%C+I@+GC1
52#@!7-†5H#0
2
!5'2!1'%H-*22#L2#@!7-C#0@(C-2 ""'2!@
7H-!1H-9I#4B %!2C@7-..†A%0-20H-"†F†#1%%† 2"CI'2!D!HAH--@(#)41IB%...I-12*22#LC@7-!5..†'H20@G-"H2D#H-†B"@	20C
H'D#!2*†2†#-%8I#-@7-@!.".†'H2#1!L†0!5!2#2#--!2@4H!@4!+#7-D!H†-"H2D#†@#20D"@-†G-20-"9HC@I2+!2"96I 2)5*4I2†@#20@#2@48%2#I21*+#1!2†#'!6#0@G5H*+#1/†96#5-8"9#LI'"†I-129CD#!2*†2""†2"'##L†#08 https://www.infoquest.co.th/2025/477620"
comment,N/A,*12@7-! 1
5@
7H-!1H9I#4B ..%#1IA#C#- 5 @7- 1'%(.7I
I2 - Pantip,6I-@I@-*D.0††#8H5I(8#LA@7-0#0'1FFFF
comment,2022-04-12,*12@7-! 1
5@
7H-!1H9I#4B ..%#1IA#C#- 5 @7- 1'%(.7I
I2 - Pantip,"1I5I!+2'4"2%1"+-2#I2D" !-'H2 '2!@
7H-!1H-9I#4B %!2C@7-.. A%0-20H-" F #1%%  2"CI'2!D!HAH--@(#)41IB% 6HI-12*22#LC@7-!5.. 'H20@G-"H2D#H- †A%0"1I-%8I'H2
H'@!.".5I #1!L 0!5!2#2#--!2@4H!@4!+#7-D!H @#20D"@- G-20-"9HC@I2+!2"96I 2)5*4I2 @#20D"@48%2#I21*+#1!2 #'!6#0@G5H*+#1/ 96#5-8"9#LI'" I-129CD#!2* 2 2"'##L %H2''H2 05H1
5'2!@
7H-!1H+-2#I2D" 5H*3#''2!4@+G- 28#4 A%0+-2#I21H'#0@( 3' 369 1'-"H2 #0+'H2'15H 24-28 ..68 'H2 1
5 -"9H5H#01 49.4 @4H!6I2#01 49.0 C@7-!..68 6H@G2#@4H!6IH-@7H-@G@7-5H 2 6H !5*12#11'56I 2!2#2##08I@(#)4-#12%C
H'@7-5I 1I@4B- 10,000 2 @* 2 5HC+IAH%8H!9I*9-2"8 60 56ID A%0!2#2# Easy E-Receipt 6H
H'"#08I2#1H2"C
I*-"-#0
2
 A%0*H%C+I8#4#I2I2!5#2"DI@4H!6I !5@!G@4@I2D+!8@'5"C#0@(#)4!26I Cr. https://www.bangkokbiznews.com/business/economic/1170882"
comment,2025-03-13,*12@7-! 1
5@
7H-!1H9I#4B ..%#1IA#C#- 5 @7- 1'%(.7I
I2 - Pantip,D!H@"@
7H-!1H 1IAH@#4H!B"2"A@4+!7H%0
comment,2025-03-13,*12@7-! 1
5@
7H-!1H9I#4B ..%#1IA#C#- 5 @7- 1'%(.7I
I2 - Pantip,*H'1
5'2!@
7H-!1H-@!H2*4# -5I6I@+'A%I'
post,N/A,=%=%*#89I#4+2# 7I- 2" B-  =≈ '1#2"2 13/03/2025 - Pantip,=%=%*#89I#4+2# 7I- 2" B- =≈ '1#2"2 13/03/2025 https://addnewss.news/post/67d2a336b475d1f615a052e4
comment,N/A,=%=%*#89I#4+2# 7I- 2" B-  =≈ '1#2"2 13/03/2025 - Pantip,-8H0
comment,2025-03-13,=%=%*#89I#4+2# 7I- 2" B-  =≈ '1#2"2 13/03/2025 - Pantip,-I2' tvo
comment,2025-03-13,=%=%*#89I#4+2# 7I- 2" B-  =≈ '1#2"2 13/03/2025 - Pantip,KUN ‡∏ô‡∏µ‡πà‡πÄ‡∏Ç‡∏≤‡∏°‡∏≤‡∏ö‡∏£‡∏¥‡∏´‡∏≤‡∏£‡∏´‡∏£‡∏∑
